Store,StoreType,Revenue,VariableCost,FixedCost,ContributionMargin,OperatingProfit,TradingDays,TotalCost,CMRatioPct,OperatingMarginPct
1,c,2225714,1758314.06,430200.0,467399.94,37199.94,478,2188514.06,21.0,1.67
2,a,2395694,1916555.2,432000.0,479138.8,47138.8,480,2348555.2,20.0,1.97
3,a,3279996,2623996.8,429300.0,655999.2,226699.2,477,3053296.8,20.0,6.91
4,c,4703840,3716033.6,432000.0,987806.4,555806.4,480,4148033.6,21.0,11.82
5,a,2222590,1778072.0,430200.0,444518.0,14318.0,478,2208272.0,20.0,0.64
6,a,2391059,1912847.2,430200.0,478211.8,48011.8,478,2343047.2,20.0,2.01
7,a,4316271,3453016.8,432900.0,863254.2,430354.2,481,3885916.8,20.0,9.97
8,a,2800594,2240475.2,432000.0,560118.8,128118.8,480,2672475.2,20.0,4.57
9,a,3374047,2699237.6,429300.0,674809.4,245509.4,477,3128537.6,20.0,7.28
10,a,2738207,2190565.6,432000.0,547641.4,115641.4,480,2622565.6,20.0,4.22
11,a,3788011,3030408.8,432000.0,757602.2,325602.2,480,3462408.8,20.0,8.6
12,a,3689342,2951473.6,432000.0,737868.4,305868.4,480,3383473.6,20.0,8.29
13,d,1497221,1212749.01,264600.0,284471.99,19871.99,294,1477349.01,19.0,1.33
14,a,2659143,2127314.4,429300.0,531828.6,102528.6,477,2556614.4,20.0,3.86
15,d,3256478,2637747.18,432000.0,618730.82,186730.82,480,3069747.18,19.0,5.73
16,a,3771199,3016959.2,427500.0,754239.8,326739.8,475,3444459.2,20.0,8.66
17,a,3025499,2420399.2,431100.0,605099.8,173999.8,479,2851499.2,20.0,5.75
18,d,3258906,2639713.86,431100.0,619192.14,188092.14,479,3070813.86,19.0,5.77
19,a,3208642,2566913.6,429300.0,641728.4,212428.4,477,2996213.6,20.0,6.62
20,d,2321213,1880182.53,261900.0,441030.47,179130.47,291,2142082.53,19.0,7.72
21,c,2681466,2118358.14,427500.0,563107.86,135607.86,475,2545858.14,21.0,5.06
22,a,1330570,1064456.0,262800.0,266114.0,3314.0,292,1327256.0,20.0,0.25
23,d,2647513,2144485.53,429300.0,503027.47,73727.47,477,2573785.53,19.0,2.78
24,a,4565429,3652343.2,429300.0,913085.8,483785.8,477,4081643.2,20.0,10.6
25,c,4910570,3879350.3,404100.0,1031219.7,627119.7,449,4283450.3,21.0,12.77
26,d,3266516,2645877.96,431100.0,620638.04,189538.04,479,3076977.96,19.0,5.8
27,a,4596496,3677196.8,429300.0,919299.2,489999.2,477,4106496.8,20.0,10.66
28,a,2410176,1928140.8,418500.0,482035.2,63535.2,465,2346640.8,20.0,2.64
29,d,3780628,3062308.68,429300.0,718319.32,289019.32,477,3491608.68,19.0,7.64
30,a,2301058,1840846.4,427500.0,460211.6,32711.6,475,2268346.4,20.0,1.42
31,d,2829127,2291592.87,432000.0,537534.13,105534.13,480,2723592.87,19.0,3.73
32,a,1205398,964318.4,264600.0,241079.6,-23520.4,294,1228918.4,20.0,-1.95
33,a,3984540,3187632.0,429300.0,796908.0,367608.0,477,3616932.0,20.0,9.23
34,c,3896924,3078569.96,432000.0,818354.04,386354.04,480,3510569.96,21.0,9.91
35,d,4855915,3933291.15,429300.0,922623.85,493323.85,477,4362591.15,19.0,10.16
36,a,2746680,2197344.0,264600.0,549336.0,284736.0,294,2461944.0,20.0,10.37
37,c,3303648,2609881.92,429300.0,693766.08,264466.08,477,3039181.92,21.0,8.01
38,d,2901861,2350507.41,429300.0,551353.59,122053.59,477,2779807.41,19.0,4.21
39,a,2424390,1939512.0,429300.0,484878.0,55578.0,477,2368812.0,20.0,2.29
40,a,2277342,1821873.6,427500.0,455468.4,27968.4,475,2249373.6,20.0,1.23
41,d,1725058,1397296.98,264600.0,327761.02,63161.02,294,1661896.98,19.0,3.66
42,a,4984534,3987627.2,429300.0,996906.8,567606.8,477,4416927.2,20.0,11.39
43,d,3203791,2595070.71,429300.0,608720.29,179420.29,477,3024370.71,19.0,5.6
44,a,2671593,2137274.4,432000.0,534318.6,102318.6,480,2569274.4,20.0,3.83
45,d,2523232,2043817.92,429300.0,479414.08,50114.08,477,2473117.92,19.0,1.99
46,c,1614989,1275841.31,264600.0,339147.69,74547.69,294,1540441.31,21.0,4.62
47,a,3527110,2821688.0,432000.0,705422.0,273422.0,480,3253688.0,20.0,7.75
48,a,1802534,1442027.2,432000.0,360506.8,-71493.2,480,1874027.2,20.0,-3.97
49,d,3592700,2910087.0,427500.0,682613.0,255113.0,475,3337587.0,19.0,7.1
50,d,2052970,1662905.7,429300.0,390064.3,-39235.7,477,2092205.7,19.0,-1.91
51,a,2028243,1622594.4,264600.0,405648.6,141048.6,294,1887194.4,20.0,6.95
52,d,2049948,1660457.88,264600.0,389490.12,124890.12,294,1925057.88,19.0,6.09
53,a,2540051,2032040.8,432000.0,508010.2,76010.2,480,2464040.8,20.0,2.99
54,d,3811661,3087445.41,432000.0,724215.59,292215.59,480,3519445.41,19.0,7.67
55,a,2364476,1891580.8,430200.0,472895.2,42695.2,478,2321780.8,20.0,1.81
56,d,3716454,3010327.74,430200.0,706126.26,275926.26,478,3440527.74,19.0,7.42
57,d,4696117,3803854.77,420300.0,892262.23,471962.23,467,4224154.77,19.0,10.05
58,a,2013056,1610444.8,264600.0,402611.2,138011.2,294,1875044.8,20.0,6.86
59,a,2649883,2119906.4,431100.0,529976.6,98876.6,479,2551006.4,20.0,3.73
60,d,4042377,3274325.37,430200.0,768051.63,337851.63,478,3704525.37,19.0,8.36
61,a,2397642,1918113.6,427500.0,479528.4,52028.4,475,2345613.6,20.0,2.17
62,a,3141352,2513081.6,429300.0,628270.4,198970.4,477,2942381.6,20.0,6.33
63,c,3464262,2736766.98,432000.0,727495.02,295495.02,480,3168766.98,21.0,8.53
64,d,5218430,4226928.3,429300.0,991501.7,562201.7,477,4656228.3,19.0,10.77
65,a,2463299,1970639.2,429300.0,492659.8,63359.8,477,2399939.2,20.0,2.57
66,d,2932815,2375580.15,427500.0,557234.85,129734.85,475,2803080.15,19.0,4.42
67,a,3805554,3044443.2,427500.0,761110.8,333610.8,475,3471943.2,20.0,8.77
68,a,3709542,2967633.6,432000.0,741908.4,309908.4,480,3399633.6,20.0,8.35
69,c,4412300,3485717.0,430200.0,926583.0,496383.0,478,3915917.0,21.0,11.25
70,c,3189440,2519657.6,430200.0,669782.4,239582.4,478,2949857.6,21.0,7.51
71,a,4362703,3490162.4,429300.0,872540.6,443240.6,477,3919462.4,20.0,10.16
72,a,1330945,1064756.0,264600.0,266189.0,1589.0,294,1329356.0,20.0,0.12
73,a,2237001,1789600.8,432000.0,447400.2,15400.2,480,2221600.8,20.0,0.69
74,a,2973433,2378746.4,427500.0,594686.6,167186.6,475,2806246.4,20.0,5.62
75,d,2933400,2376054.0,432000.0,557346.0,125346.0,480,2808054.0,19.0,4.27
76,d,2689023,2178108.63,264600.0,510914.37,246314.37,294,2442708.63,19.0,9.16
77,d,3762609,3047713.29,430200.0,714895.71,284695.71,478,3477913.29,19.0,7.57
78,a,1806868,1445494.4,429300.0,361373.6,-67926.4,477,1874794.4,20.0,-3.76
79,a,2648094,2118475.2,427500.0,529618.8,102118.8,475,2545975.2,20.0,3.86
80,d,3692922,2991266.82,429300.0,701655.18,272355.18,477,3420566.82,19.0,7.38
81,a,2120704,1696563.2,264600.0,424140.8,159540.8,294,1961163.2,20.0,7.52
82,a,4374011,3499208.8,429300.0,874802.2,445502.2,477,3928508.8,20.0,10.19
83,a,1863649,1490919.2,429300.0,372729.8,-56570.2,477,1920219.2,20.0,-3.04
84,a,6273116,5018492.8,429300.0,1254623.2,825323.2,477,5447792.8,20.0,13.16
85,b,4233505,3513809.15,519300.0,719695.85,200395.85,577,4033109.15,17.0,4.73
86,a,2262481,1809984.8,428400.0,452496.2,24096.2,476,2238384.8,20.0,1.07
87,a,2822410,2257928.0,432000.0,564482.0,132482.0,480,2689928.0,20.0,4.69
88,a,2882358,2305886.4,429300.0,576471.6,147171.6,477,2735186.4,20.0,5.11
89,a,1765312,1412249.6,264600.0,353062.4,88462.4,294,1676849.6,20.0,5.01
90,a,4091352,3273081.6,429300.0,818270.4,388970.4,477,3702381.6,20.0,9.51
91,c,2703272,2135584.88,428400.0,567687.12,139287.12,476,2563984.88,21.0,5.15
92,c,2993580,2364928.2,429300.0,628651.8,199351.8,477,2794228.2,21.0,6.66
93,a,2828334,2262667.2,429300.0,565666.8,136366.8,477,2691967.2,20.0,4.82
94,d,3455554,2798998.74,429300.0,656555.26,227255.26,477,3228298.74,19.0,6.58
95,a,3561903,2849522.4,430200.0,712380.6,282180.6,478,3279722.4,20.0,7.92
96,a,2520653,2016522.4,430200.0,504130.6,73930.6,478,2446722.4,20.0,2.93
97,d,3263500,2643435.0,430200.0,620065.0,189865.0,478,3073635.0,19.0,5.82
98,d,2559478,2073177.18,429300.0,486300.82,57000.82,477,2502477.18,19.0,2.23
99,c,1618298,1278455.42,264600.0,339842.58,75242.58,294,1543055.42,21.0,4.65
100,d,2373851,1922819.31,264600.0,451031.69,186431.69,294,2187419.31,19.0,7.85
101,d,3688781,2987912.61,432000.0,700868.39,268868.39,480,3419912.61,19.0,7.29
102,a,3380585,2704468.0,419400.0,676117.0,256717.0,466,3123868.0,20.0,7.59
103,d,1608927,1303230.87,297900.0,305696.13,7796.13,331,1601130.87,19.0,0.48
104,a,4941079,3952863.2,432000.0,988215.8,556215.8,480,4384863.2,20.0,11.26
105,a,2316703,1853362.4,427500.0,463340.6,35840.6,475,2280862.4,20.0,1.55
106,a,4112931,3290344.8,432000.0,822586.2,390586.2,480,3722344.8,20.0,9.5
107,a,3617549,2894039.2,432000.0,723509.8,291509.8,480,3326039.2,20.0,8.06
108,d,3472333,2812589.73,264600.0,659743.27,395143.27,294,3077189.73,19.0,11.38
109,a,3144292,2515433.6,432000.0,628858.4,196858.4,480,2947433.6,20.0,6.26
110,a,2138667,1710933.6,432000.0,427733.4,-4266.6,480,2142933.6,20.0,-0.2
111,d,3268167,2647215.27,430200.0,620951.73,190751.73,478,3077415.27,19.0,5.84
112,a,3031488,2425190.4,432000.0,606297.6,174297.6,480,2857190.4,20.0,5.75
113,d,1981346,1604890.26,264600.0,376455.74,111855.74,294,1869490.26,19.0,5.65
114,c,2580180,2038342.2,432000.0,541837.8,109837.8,480,2470342.2,21.0,4.26
115,d,2285150,1850971.5,264600.0,434178.5,169578.5,294,2115571.5,19.0,7.42
116,a,3455687,2764549.6,432000.0,691137.4,259137.4,480,3196549.6,20.0,7.5
117,a,1855962,1484769.6,429300.0,371192.4,-58107.6,477,1914069.6,20.0,-3.13
118,d,3910579,3167568.99,431100.0,743010.01,311910.01,479,3598668.99,19.0,7.98
119,a,2915197,2332157.6,432000.0,583039.4,151039.4,480,2764157.6,20.0,5.18
120,d,3419308,2769639.48,430200.0,649668.52,219468.52,478,3199839.48,19.0,6.42
121,a,2119965,1695972.0,430200.0,423993.0,-6207.0,478,2126172.0,20.0,-0.29
122,a,3559320,2847456.0,486900.0,711864.0,224964.0,541,3334356.0,20.0,6.32
123,a,3912383,3129906.4,418500.0,782476.6,363976.6,465,3548406.4,20.0,9.3
124,a,2170184,1736147.2,429300.0,434036.8,4736.8,477,2165447.2,20.0,0.22
125,a,5681292,4545033.6,432000.0,1136258.4,704258.4,480,4977033.6,20.0,12.4
126,d,2761463,2236785.03,429300.0,524677.97,95377.97,477,2666085.03,19.0,3.45
127,d,1578353,1278465.93,264600.0,299887.07,35287.07,294,1543065.93,19.0,2.24
128,d,3862503,3128627.43,430200.0,733875.57,303675.57,478,3558827.43,19.0,7.86
129,a,2694485,2155588.0,264600.0,538897.0,274297.0,294,2420188.0,20.0,10.18
130,c,2494480,1970639.2,430200.0,523840.8,93640.8,478,2400839.2,21.0,3.75
131,c,2381169,1881123.51,429300.0,500045.49,70745.49,477,2310423.51,21.0,2.97
132,d,2041501,1653615.81,264600.0,387885.19,123285.19,294,1918215.81,19.0,6.04
133,a,2969957,2375965.6,431100.0,593991.4,162891.4,479,2807065.6,20.0,5.48
134,a,2258375,1806700.0,432000.0,451675.0,19675.0,480,2238700.0,20.0,0.87
135,d,2917749,2363376.69,430200.0,554372.31,124172.31,478,2793576.69,19.0,4.26
136,a,1751158,1400926.4,264600.0,350231.6,85631.6,294,1665526.4,20.0,4.89
137,a,2496607,1997285.6,264600.0,499321.4,234721.4,294,2261885.6,20.0,9.4
138,a,3604920,2883936.0,430200.0,720984.0,290784.0,478,3314136.0,20.0,8.07
139,a,1928781,1543024.8,264600.0,385756.2,121156.2,294,1807624.8,20.0,6.28
140,a,3619672,2895737.6,430200.0,723934.4,293734.4,478,3325937.6,20.0,8.11
141,c,2627080,2075393.2,427500.0,551686.8,124186.8,475,2502893.2,21.0,4.73
142,a,2202912,1762329.6,429300.0,440582.4,11282.4,477,2191629.6,20.0,0.51
143,d,3113553,2521977.93,429300.0,591575.07,162275.07,477,2951277.93,19.0,5.21
144,a,2208304,1766643.2,266400.0,441660.8,175260.8,296,2033043.2,20.0,7.94
145,a,2204685,1763748.0,252900.0,440937.0,188037.0,281,2016648.0,20.0,8.53
146,d,3888920,3150025.2,429300.0,738894.8,309594.8,477,3579325.2,19.0,7.96
147,d,3976578,3221028.18,429300.0,755549.82,326249.82,477,3650328.18,19.0,8.2
148,a,4198624,3358899.2,432000.0,839724.8,407724.8,480,3790899.2,20.0,9.71
149,d,1644797,1332285.57,264600.0,312511.43,47911.43,294,1596885.57,19.0,2.91
150,c,4170213,3294468.27,432000.0,875744.73,443744.73,480,3726468.27,21.0,10.64
151,d,3317815,2687430.15,429300.0,630384.85,201084.85,477,3116730.15,19.0,6.06
152,a,2678576,2142860.8,429300.0,535715.2,106415.2,477,2572160.8,20.0,3.97
153,a,3337165,2669732.0,429300.0,667433.0,238133.0,477,3099032.0,20.0,7.14
154,d,4326104,3504144.24,430200.0,821959.76,391759.76,478,3934344.24,19.0,9.06
155,d,2103249,1703631.69,264600.0,399617.31,135017.31,294,1968231.69,19.0,6.42
156,a,3304421,2643536.8,431100.0,660884.2,229784.2,479,3074636.8,20.0,6.95
157,a,4690746,3752596.8,429300.0,938149.2,508849.2,477,4181896.8,20.0,10.85
158,d,4001159,3240938.79,429300.0,760220.21,330920.21,477,3670238.79,19.0,8.27
159,d,2273072,1841188.32,264600.0,431883.68,167283.68,294,2105788.32,19.0,7.36
160,d,2750085,2227568.85,430200.0,522516.15,92316.15,478,2657768.85,19.0,3.36
161,a,3522378,2817902.4,429300.0,704475.6,275175.6,477,3247202.4,20.0,7.81
162,d,3780285,3062030.85,430200.0,718254.15,288054.15,478,3492230.85,19.0,7.62
163,a,3312629,2650103.2,432000.0,662525.8,230525.8,480,3082103.2,20.0,6.96
164,a,1889613,1511690.4,264600.0,377922.6,113322.6,294,1776290.4,20.0,6.0
165,a,1165218,932174.4,264600.0,233043.6,-31556.4,294,1196774.4,20.0,-2.71
166,a,2723982,2179185.6,429300.0,544796.4,115496.4,477,2608485.6,20.0,4.24
167,a,4551305,3641044.0,429300.0,910261.0,480961.0,477,4070344.0,20.0,10.57
168,a,3637884,2910307.2,427500.0,727576.8,300076.8,475,3337807.2,20.0,8.25
169,d,3184006,2579044.86,417600.0,604961.14,187361.14,464,2996644.86,19.0,5.88
170,a,2321783,1857426.4,429300.0,464356.6,35056.6,477,2286726.4,20.0,1.51
171,a,4072630,3258104.0,429300.0,814526.0,385226.0,477,3687404.0,20.0,9.46
172,a,2034004,1627203.2,264600.0,406800.8,142200.8,294,1891803.2,20.0,6.99
173,a,3907890,3126312.0,432000.0,781578.0,349578.0,480,3558312.0,20.0,8.95
174,a,1792140,1433712.0,264600.0,358428.0,93828.0,294,1698312.0,20.0,5.24
175,c,2848580,2250378.2,432000.0,598201.8,166201.8,480,2682378.2,21.0,5.83
176,a,2518776,2015020.8,429300.0,503755.2,74455.2,477,2444320.8,20.0,2.96
177,a,1921135,1536908.0,429300.0,384227.0,-45073.0,477,1966208.0,20.0,-2.35
178,d,4972944,4028084.64,430200.0,944859.36,514659.36,478,4458284.64,19.0,10.35
179,a,3588826,2871060.8,429300.0,717765.2,288465.2,477,3300360.8,20.0,8.04
180,d,3491446,2828071.26,432000.0,663374.74,231374.74,480,3260071.26,19.0,6.63
181,a,1889172,1511337.6,264600.0,377834.4,113234.4,294,1775937.6,20.0,5.99
182,d,2679832,2170663.92,430200.0,509168.08,78968.08,478,2600863.92,19.0,2.95
183,a,1415342,1132273.6,254700.0,283068.4,28368.4,283,1386973.6,20.0,2.0
184,d,3141423,2544552.63,428400.0,596870.37,168470.37,476,2972952.63,19.0,5.36
185,d,3526281,2856287.61,432000.0,669993.39,237993.39,480,3288287.61,19.0,6.75
186,a,1125144,900115.2,264600.0,225028.8,-39571.2,294,1164715.2,20.0,-3.52
187,a,3026427,2421141.6,432000.0,605285.4,173285.4,480,2853141.6,20.0,5.73
188,d,2475469,2005129.89,429300.0,470339.11,41039.11,477,2434429.89,19.0,1.66
189,d,4146116,3358353.96,429300.0,787762.04,358462.04,477,3787653.96,19.0,8.65
190,a,2186331,1749064.8,264600.0,437266.2,172666.2,294,2013664.8,20.0,7.9
191,a,1940348,1552278.4,264600.0,388069.6,123469.6,294,1816878.4,20.0,6.36
192,d,3142998,2545828.38,264600.0,597169.62,332569.62,294,2810428.38,19.0,10.58
193,a,2528967,2023173.6,427500.0,505793.4,78293.4,475,2450673.6,20.0,3.1
194,d,2360176,1911742.56,427500.0,448433.44,20933.44,475,2339242.56,19.0,0.89
195,a,5183366,4146692.8,429300.0,1036673.2,607373.2,477,4575992.8,20.0,11.72
196,c,2531475,1999865.25,431100.0,531609.75,100509.75,479,2430965.25,21.0,3.97
197,c,3253396,2570182.84,432000.0,683213.16,251213.16,480,3002182.84,21.0,7.72
198,a,1378185,1102548.0,431100.0,275637.0,-155463.0,479,1533648.0,20.0,-11.28
199,d,3976018,3220574.58,429300.0,755443.42,326143.42,477,3649874.58,19.0,8.2
200,a,3723391,2978712.8,429300.0,744678.2,315378.2,477,3408012.8,20.0,8.47
201,d,2562493,2075619.33,429300.0,486873.67,57573.67,477,2504919.33,19.0,2.25
202,d,3039261,2461801.41,430200.0,577459.59,147259.59,478,2892001.41,19.0,4.85
203,c,3350488,2646885.52,430200.0,703602.48,273402.48,478,3077085.52,21.0,8.16
204,a,1632648,1306118.4,264600.0,326529.6,61929.6,294,1570718.4,20.0,3.79
205,a,3131109,2504887.2,432000.0,626221.8,194221.8,480,2936887.2,20.0,6.2
206,a,3617176,2893740.8,429300.0,723435.2,294135.2,477,3323040.8,20.0,8.13
207,a,5376325,4301060.0,432000.0,1075265.0,643265.0,480,4733060.0,20.0,11.96
208,c,1414151,1117179.29,432000.0,296971.71,-135028.29,480,1549179.29,21.0,-9.55
209,a,3047944,2438355.2,486900.0,609588.8,122688.8,541,2925255.2,20.0,4.03
210,d,1559483,1263181.23,429300.0,296301.77,-132998.23,477,1692481.23,19.0,-8.53
211,a,6282413,5025930.4,432000.0,1256482.6,824482.6,480,5457930.4,20.0,13.12
212,a,2269545,1815636.0,432000.0,453909.0,21909.0,480,2247636.0,20.0,0.97
213,d,4103826,3324099.06,429300.0,779726.94,350426.94,477,3753399.06,19.0,8.54
214,d,4490630,3637410.3,429300.0,853219.7,423919.7,477,4066710.3,19.0,9.44
215,d,1882537,1524854.97,264600.0,357682.03,93082.03,294,1789454.97,19.0,4.94
216,c,3480448,2749553.92,427500.0,730894.08,303394.08,475,3177053.92,21.0,8.72
217,c,2299562,1816653.98,432000.0,482908.02,50908.02,480,2248653.98,21.0,2.21
218,a,1463236,1170588.8,264600.0,292647.2,28047.2,294,1435188.8,20.0,1.92
219,a,1516287,1213029.6,429300.0,303257.4,-126042.6,477,1642329.6,20.0,-8.31
220,a,2308989,1847191.2,427500.0,461797.8,34297.8,475,2274691.2,20.0,1.49
221,d,2888704,2339850.24,432000.0,548853.76,116853.76,480,2771850.24,19.0,4.05
222,a,2415168,1932134.4,432000.0,483033.6,51033.6,480,2364134.4,20.0,2.11
223,d,3500483,2835391.23,431100.0,665091.77,233991.77,479,3266491.23,19.0,6.68
224,d,3385961,2742628.41,427500.0,643332.59,215832.59,475,3170128.41,19.0,6.37
225,d,2523514,2044046.34,431100.0,479467.66,48367.66,479,2475146.34,19.0,1.92
226,a,3368239,2694591.2,430200.0,673647.8,243447.8,478,3124791.2,20.0,7.23
227,a,2945144,2356115.2,418500.0,589028.8,170528.8,465,2774615.2,20.0,5.79
228,d,3897021,3156587.01,429300.0,740433.99,311133.99,477,3585887.01,19.0,7.98
229,d,4224468,3421819.08,429300.0,802648.92,373348.92,477,3851119.08,19.0,8.84
230,d,3745524,3033874.44,432000.0,711649.56,279649.56,480,3465874.44,19.0,7.47
231,d,1450236,1174691.16,264600.0,275544.84,10944.84,294,1439291.16,19.0,0.75
232,c,1693249,1337666.71,429300.0,355582.29,-73717.71,477,1766966.71,21.0,-4.35
233,a,4567285,3653828.0,430200.0,913457.0,483257.0,478,4084028.0,20.0,10.58
234,d,5332371,4319220.51,429300.0,1013150.49,583850.49,477,4748520.51,19.0,10.95
235,a,2794093,2235274.4,430200.0,558818.6,128618.6,478,2665474.4,20.0,4.6
236,a,3477612,2782089.6,432000.0,695522.4,263522.4,480,3214089.6,20.0,7.58
237,a,2191435,1753148.0,432000.0,438287.0,6287.0,480,2185148.0,20.0,0.29
238,a,3576375,2861100.0,417600.0,715275.0,297675.0,464,3278700.0,20.0,8.32
239,d,2522980,2043613.8,429300.0,479366.2,50066.2,477,2472913.8,19.0,1.98
240,a,2329967,1863973.6,432000.0,465993.4,33993.4,480,2295973.6,20.0,1.46
241,d,3230500,2616705.0,429300.0,613795.0,184495.0,477,3046005.0,19.0,5.71
242,d,1937292,1569206.52,430200.0,368085.48,-62114.52,478,1999406.52,19.0,-3.21
243,a,2055192,1644153.6,264600.0,411038.4,146438.4,294,1908753.6,20.0,7.13
244,d,2561127,2074512.87,429300.0,486614.13,57314.13,477,2503812.87,19.0,2.24
245,a,4396976,3517580.8,430200.0,879395.2,449195.2,478,3947780.8,20.0,10.22
246,c,3408130,2692422.7,432000.0,715707.3,283707.3,480,3124422.7,21.0,8.32
247,d,4133549,3348174.69,430200.0,785374.31,355174.31,478,3778374.69,19.0,8.59
248,a,3936369,3149095.2,432000.0,787273.8,355273.8,480,3581095.2,20.0,9.03
249,d,2572693,2083881.33,432000.0,488811.67,56811.67,480,2515881.33,19.0,2.21
250,d,4277879,3465081.99,430200.0,812797.01,382597.01,478,3895281.99,19.0,8.94
251,a,9113513,7290810.4,429300.0,1822702.6,1393402.6,477,7720110.4,20.0,15.29
252,d,5003153,4052553.93,429300.0,950599.07,521299.07,477,4481853.93,19.0,10.42
253,a,2722867,2178293.6,429300.0,544573.4,115273.4,477,2607593.6,20.0,4.23
254,d,1497925,1213319.25,429300.0,284605.75,-144694.25,477,1642619.25,19.0,-9.66
255,c,3043427,2404307.33,429300.0,639119.67,209819.67,477,2833607.33,21.0,6.89
256,a,4512582,3610065.6,427500.0,902516.4,475016.4,475,4037565.6,20.0,10.53
257,a,2458684,1966947.2,432000.0,491736.8,59736.8,480,2398947.2,20.0,2.43
258,a,1678596,1342876.8,264600.0,335719.2,71119.2,294,1607476.8,20.0,4.24
259,b,7169661,5950818.63,519300.0,1218842.37,699542.37,577,6470118.63,17.0,9.76
260,a,3139944,2511955.2,432000.0,627988.8,195988.8,480,2943955.2,20.0,6.24
261,d,6011411,4869242.91,429300.0,1142168.09,712868.09,477,5298542.91,19.0,11.86
262,b,11952210,9920334.3,519300.0,2031875.7,1512575.7,577,10439634.3,17.0,12.66
263,a,1189474,951579.2,264600.0,237894.8,-26705.2,294,1216179.2,20.0,-2.25
264,a,3193190,2554552.0,412200.0,638638.0,226438.0,458,2966752.0,20.0,7.09
265,a,2402078,1921662.4,429300.0,480415.6,51115.6,477,2350962.4,20.0,2.13
266,a,1953006,1562404.8,430200.0,390601.2,-39598.8,478,1992604.8,20.0,-2.03
267,c,4421240,3492779.6,432000.0,928460.4,496460.4,480,3924779.6,21.0,11.23
268,a,2334686,1867748.8,432000.0,466937.2,34937.2,480,2299748.8,20.0,1.5
269,a,4428876,3543100.8,429300.0,885775.2,456475.2,477,3972400.8,20.0,10.31
270,a,4539086,3631268.8,432000.0,907817.2,475817.2,480,4063268.8,20.0,10.48
271,a,3860352,3088281.6,430200.0,772070.4,341870.4,478,3518481.6,20.0,8.86
272,a,2997653,2398122.4,430200.0,599530.6,169330.6,478,2828322.4,20.0,5.65
273,a,3512405,2809924.0,429300.0,702481.0,273181.0,477,3239224.0,20.0,7.78
274,b,2520666,2092152.78,519300.0,428513.22,-90786.78,577,2611452.78,17.0,-3.6
275,d,2110917,1709842.77,264600.0,401074.23,136474.23,294,1974442.77,19.0,6.47
276,a,1958760,1567008.0,430200.0,391752.0,-38448.0,478,1997208.0,20.0,-1.96
277,d,1843506,1493239.86,264600.0,350266.14,85666.14,294,1757839.86,19.0,4.65
278,a,3453864,2763091.2,432000.0,690772.8,258772.8,480,3195091.2,20.0,7.49
279,d,2896637,2346275.97,264600.0,550361.03,285761.03,294,2610875.97,19.0,9.87
280,d,2966858,2403154.98,427500.0,563703.02,136203.02,475,2830654.98,19.0,4.59
281,d,2849201,2307852.81,432000.0,541348.19,109348.19,480,2739852.81,19.0,3.84
282,a,2131162,1704929.6,432000.0,426232.4,-5767.6,480,2136929.6,20.0,-0.27
283,a,2139319,1711455.2,264600.0,427863.8,163263.8,294,1976055.2,20.0,7.63
284,d,1617546,1310212.26,264600.0,307333.74,42733.74,294,1574812.26,19.0,2.64
285,a,2604033,2083226.4,430200.0,520806.6,90606.6,478,2513426.4,20.0,3.48
286,a,2320917,1856733.6,429300.0,464183.4,34883.4,477,2286033.6,20.0,1.5
287,c,2425579,1916207.41,264600.0,509371.59,244771.59,294,2180807.41,21.0,10.09
288,d,1685720,1365433.2,264600.0,320286.8,55686.8,294,1630033.2,19.0,3.3
289,d,3018840,2445260.4,430200.0,573579.6,143379.6,478,2875460.4,19.0,4.75
290,a,3405299,2724239.2,429300.0,681059.8,251759.8,477,3153539.2,20.0,7.39
291,d,3813639,3089047.59,430200.0,724591.41,294391.41,478,3519247.59,19.0,7.72
292,a,2727187,2181749.6,415800.0,545437.4,129637.4,462,2597549.6,20.0,4.75
293,c,3031677,2395024.83,431100.0,636652.17,205552.17,479,2826124.83,21.0,6.78
294,a,2887469,2309975.2,430200.0,577493.8,147293.8,478,2740175.2,20.0,5.1
295,a,2623099,2098479.2,427500.0,524619.8,97119.8,475,2525979.2,20.0,3.7
296,a,3382215,2705772.0,430200.0,676443.0,246243.0,478,3135972.0,20.0,7.28
297,a,3360772,2688617.6,427500.0,672154.4,244654.4,475,3116117.6,20.0,7.28
298,d,2463183,1995178.23,264600.0,468004.77,203404.77,294,2259778.23,19.0,8.26
299,d,3463368,2805328.08,486900.0,658039.92,171139.92,541,3292228.08,19.0,4.94
300,a,3586865,2869492.0,431100.0,717373.0,286273.0,479,3300592.0,20.0,7.98
301,a,2700293,2160234.4,432000.0,540058.6,108058.6,480,2592234.4,20.0,4.0
302,d,1840394,1490719.14,430200.0,349674.86,-80525.14,478,1920919.14,19.0,-4.38
303,a,2902282,2321825.6,417600.0,580456.4,162856.4,464,2739425.6,20.0,5.61
304,a,3414343,2731474.4,432000.0,682868.6,250868.6,480,3163474.4,20.0,7.35
305,c,2859590,2259076.1,430200.0,600513.9,170313.9,478,2689276.1,21.0,5.96
306,a,1274925,1019940.0,264600.0,254985.0,-9615.0,294,1284540.0,20.0,-0.75
307,a,1290422,1032337.6,431100.0,258084.4,-173015.6,479,1463437.6,20.0,-13.41
308,a,4222494,3377995.2,429300.0,844498.8,415198.8,477,3807295.2,20.0,9.83
309,d,3333391,2700046.71,429300.0,633344.29,204044.29,477,3129346.71,19.0,6.12
310,a,4591516,3673212.8,489600.0,918303.2,428703.2,544,4162812.8,20.0,9.34
311,a,3260952,2608761.6,430200.0,652190.4,221990.4,478,3038961.6,20.0,6.81
312,d,2676595,2168041.95,430200.0,508553.05,78353.05,478,2598241.95,19.0,2.93
313,d,3394328,2749405.68,431100.0,644922.32,213822.32,479,3180505.68,19.0,6.3
314,a,2479677,1983741.6,429300.0,495935.4,66635.4,477,2413041.6,20.0,2.69
315,a,2049843,1639874.4,432000.0,409968.6,-22031.4,480,2071874.4,20.0,-1.07
316,d,4776080,3868624.8,429300.0,907455.2,478155.2,477,4297924.8,19.0,10.01
317,d,1585539,1284286.59,264600.0,301252.41,36652.41,294,1548886.59,19.0,2.31
318,d,3576334,2896830.54,430200.0,679503.46,249303.46,478,3327030.54,19.0,6.97
319,a,3739346,2991476.8,432000.0,747869.2,315869.2,480,3423476.8,20.0,8.45
320,a,7161577,5729261.6,432000.0,1432315.4,1000315.4,480,6161261.6,20.0,13.97
321,c,2863779,2262385.41,430200.0,601393.59,171193.59,478,2692585.41,21.0,5.98
322,a,2437070,1949656.0,431100.0,487414.0,56314.0,479,2380756.0,20.0,2.31
323,d,3617237,2929961.97,429300.0,687275.03,257975.03,477,3359261.97,19.0,7.13
324,a,2668514,2134811.2,429300.0,533702.8,104402.8,477,2564111.2,20.0,3.91
325,a,3064222,2451377.6,429300.0,612844.4,183544.4,477,2880677.6,20.0,5.99
326,d,2528588,2048156.28,429300.0,480431.72,51131.72,477,2477456.28,19.0,2.02
327,c,3792658,2996199.82,426600.0,796458.18,369858.18,474,3422799.82,21.0,9.75
328,a,2155024,1724019.2,429300.0,431004.8,1704.8,477,2153319.2,20.0,0.08
329,a,3325318,2660254.4,429300.0,665063.6,235763.6,477,3089554.4,20.0,7.09
330,a,2007619,1606095.2,429300.0,401523.8,-27776.2,477,2035395.2,20.0,-1.38
331,a,2811767,2249413.6,429300.0,562353.4,133053.4,477,2678713.6,20.0,4.73
332,a,1807243,1445794.4,429300.0,361448.6,-67851.4,477,1875094.4,20.0,-3.75
333,a,4748779,3799023.2,432000.0,949755.8,517755.8,480,4231023.2,20.0,10.9
334,d,2577041,2087403.21,429300.0,489637.79,60337.79,477,2516703.21,19.0,2.34
335,b,7854034,6518848.22,519300.0,1335185.78,815885.78,577,7038148.22,17.0,10.39
336,a,6597105,5277684.0,429300.0,1319421.0,890121.0,477,5706984.0,20.0,13.49
337,d,2471460,2001882.6,430200.0,469577.4,39377.4,478,2432082.6,19.0,1.59
338,a,3341886,2673508.8,430200.0,668377.2,238177.2,478,3103708.8,20.0,7.13
339,a,2513438,2010750.4,429300.0,502687.6,73387.6,477,2440050.4,20.0,2.92
340,a,3160504,2528403.2,432000.0,632100.8,200100.8,480,2960403.2,20.0,6.33
341,a,2693605,2154884.0,429300.0,538721.0,109421.0,477,2584184.0,20.0,4.06
342,d,3194338,2587413.78,263700.0,606924.22,343224.22,293,2851113.78,19.0,10.74
343,d,3556612,2880855.72,429300.0,675756.28,246456.28,477,3310155.72,19.0,6.93
344,a,4156472,3325177.6,432000.0,831294.4,399294.4,480,3757177.6,20.0,9.61
345,a,1344698,1075758.4,264600.0,268939.6,4339.6,294,1340358.4,20.0,0.32
346,a,3406009,2724807.2,429300.0,681201.8,251901.8,477,3154107.2,20.0,7.4
347,d,2399315,1943445.15,427500.0,455869.85,28369.85,475,2370945.15,19.0,1.18
348,a,2575675,2060540.0,264600.0,515135.0,250535.0,294,2325140.0,20.0,9.73
349,c,3453018,2727884.22,363600.0,725133.78,361533.78,404,3091484.22,21.0,10.47
350,d,3343412,2708163.72,430200.0,635248.28,205048.28,478,3138363.72,19.0,6.13
351,a,2976542,2381233.6,429300.0,595308.4,166008.4,477,2810533.6,20.0,5.58
352,d,3175947,2572517.07,432000.0,603429.93,171429.93,480,3004517.07,19.0,5.4
353,b,3572356,2965055.48,519300.0,607300.52,88000.52,577,3484355.48,17.0,2.46
354,d,4073111,3299219.91,429300.0,773891.09,344591.09,477,3728519.91,19.0,8.46
355,a,4394548,3515638.4,432000.0,878909.6,446909.6,480,3947638.4,20.0,10.17
356,d,2864587,2320315.47,427500.0,544271.53,116771.53,475,2747815.47,19.0,4.08
357,a,3725823,2980658.4,418500.0,745164.6,326664.6,465,3399158.4,20.0,8.77
358,a,4958989,3967191.2,429300.0,991797.8,562497.8,477,4396491.2,20.0,11.34
359,d,3272893,2651043.33,429300.0,621849.67,192549.67,477,3080343.33,19.0,5.88
360,a,3329908,2663926.4,432000.0,665981.6,233981.6,480,3095926.4,20.0,7.03
361,c,3029218,2393082.22,429300.0,636135.78,206835.78,477,2822382.22,21.0,6.83
362,c,4534937,3582600.23,430200.0,952336.77,522136.77,478,4012800.23,21.0,11.51
363,a,3473383,2778706.4,432000.0,694676.6,262676.6,480,3210706.4,20.0,7.56
364,a,2302062,1841649.6,429300.0,460412.4,31112.4,477,2270949.6,20.0,1.35
365,c,1611643,1273197.97,264600.0,338445.03,73845.03,294,1537797.97,21.0,4.58
366,d,2989996,2421896.76,429300.0,568099.24,138799.24,477,2851196.76,19.0,4.64
367,d,2576022,2086577.82,432000.0,489444.18,57444.18,480,2518577.82,19.0,2.23
368,d,4741339,3840484.59,427500.0,900854.41,473354.41,475,4267984.59,19.0,9.98
369,d,3189094,2583166.14,430200.0,605927.86,175727.86,478,3013366.14,19.0,5.51
370,d,3685598,2985334.38,429300.0,700263.62,270963.62,477,3414634.38,19.0,7.35
371,d,3274547,2652383.07,430200.0,622163.93,191963.93,478,3082583.07,19.0,5.86
372,d,4298403,3481706.43,429300.0,816696.57,387396.57,477,3911006.43,19.0,9.01
373,d,2226941,1803822.21,427500.0,423118.79,-4381.21,475,2231322.21,19.0,-0.2
374,a,3395736,2716588.8,432000.0,679147.2,247147.2,480,3148588.8,20.0,7.28
375,a,4412524,3530019.2,429300.0,882504.8,453204.8,477,3959319.2,20.0,10.27
376,a,4006507,3205205.6,423000.0,801301.4,378301.4,470,3628205.6,20.0,9.44
377,a,3907437,3125949.6,432000.0,781487.4,349487.4,480,3557949.6,20.0,8.94
378,a,3297268,2637814.4,429300.0,659453.6,230153.6,477,3067114.4,20.0,6.98
379,d,1894123,1534239.63,432000.0,359883.37,-72116.63,480,1966239.63,19.0,-3.81
380,a,6849754,5479803.2,429300.0,1369950.8,940650.8,477,5909103.2,20.0,13.73
381,a,4377030,3501624.0,429300.0,875406.0,446106.0,477,3930924.0,20.0,10.19
382,c,3857371,3047323.09,429300.0,810047.91,380747.91,477,3476623.09,21.0,9.87
383,a,8230126,6584100.8,429300.0,1646025.2,1216725.2,477,7013400.8,20.0,14.78
384,a,4421614,3537291.2,431100.0,884322.8,453222.8,479,3968391.2,20.0,10.25
385,d,2196273,1778981.13,264600.0,417291.87,152691.87,294,2043581.13,19.0,6.95
386,d,3584687,2903596.47,429300.0,681090.53,251790.53,477,3332896.47,19.0,7.02
387,c,4353792,3439495.68,417600.0,914296.32,496696.32,464,3857095.68,21.0,11.41
388,a,4993282,3994625.6,429300.0,998656.4,569356.4,477,4423925.6,20.0,11.4
389,a,5136886,4109508.8,432000.0,1027377.2,595377.2,480,4541508.8,20.0,11.59
390,a,5605213,4484170.4,428400.0,1121042.6,692642.6,476,4912570.4,20.0,12.36
391,a,2779509,2223607.2,429300.0,555901.8,126601.8,477,2652907.2,20.0,4.55
392,a,3560163,2848130.4,429300.0,712032.6,282732.6,477,3277430.4,20.0,7.94
393,d,2805548,2272493.88,429300.0,533054.12,103754.12,477,2701793.88,19.0,3.7
394,d,4076669,3302101.89,430200.0,774567.11,344367.11,478,3732301.89,19.0,8.45
395,a,1917669,1534135.2,429300.0,383533.8,-45766.2,477,1963435.2,20.0,-2.39
396,a,4935998,3948798.4,429300.0,987199.6,557899.6,477,4378098.4,20.0,11.3
397,a,2803192,2242553.6,429300.0,560638.4,131338.4,477,2671853.6,20.0,4.69
398,c,2704760,2136760.4,432000.0,567999.6,135999.6,480,2568760.4,21.0,5.03
399,a,1678207,1342565.6,264600.0,335641.4,71041.4,294,1607165.6,20.0,4.23
400,a,4300964,3440771.2,431100.0,860192.8,429092.8,479,3871871.2,20.0,9.98
401,a,3497425,2797940.0,430200.0,699485.0,269285.0,478,3228140.0,20.0,7.7
402,c,2822643,2229887.97,429300.0,592755.03,163455.03,477,2659187.97,21.0,5.79
403,a,3566609,2853287.2,429300.0,713321.8,284021.8,477,3282587.2,20.0,7.96
404,a,2369506,1895604.8,427500.0,473901.2,46401.2,475,2323104.8,20.0,1.96
405,a,2163530,1730824.0,429300.0,432706.0,3406.0,477,2160124.0,20.0,0.16
406,d,3234485,2619932.85,429300.0,614552.15,185252.15,477,3049232.85,19.0,5.73
407,a,1179517,943613.6,264600.0,235903.4,-28696.6,294,1208213.6,20.0,-2.43
408,c,2291639,1810394.81,427500.0,481244.19,53744.19,475,2237894.81,21.0,2.35
409,d,2759527,2235216.87,430200.0,524310.13,94110.13,478,2665416.87,19.0,3.41
410,c,3129856,2472586.24,429300.0,657269.76,227969.76,477,2901886.24,21.0,7.28
411,d,4476691,3626119.71,430200.0,850571.29,420371.29,478,4056319.71,19.0,9.39
412,d,2771916,2245251.96,264600.0,526664.04,262064.04,294,2509851.96,19.0,9.45
413,a,2110943,1688754.4,264600.0,422188.6,157588.6,294,1953354.4,20.0,7.47
414,d,3156759,2556974.79,430200.0,599784.21,169584.21,478,2987174.79,19.0,5.37
415,d,3053008,2472936.48,430200.0,580071.52,149871.52,478,2903136.48,19.0,4.91
416,a,5386426,4309140.8,432000.0,1077285.2,645285.2,480,4741140.8,20.0,11.98
417,a,3532881,2826304.8,429300.0,706576.2,277276.2,477,3255604.8,20.0,7.85
418,a,2546617,2037293.6,427500.0,509323.4,81823.4,475,2464793.6,20.0,3.21
419,c,2562327,2024238.33,432000.0,538088.67,106088.67,480,2456238.33,21.0,4.14
420,d,1406760,1139475.6,264600.0,267284.4,2684.4,294,1404075.6,19.0,0.19
421,c,4593935,3629208.65,432000.0,964726.35,532726.35,480,4061208.65,21.0,11.6
422,a,2211786,1769428.8,432000.0,442357.2,10357.2,480,2201428.8,20.0,0.47
423,b,6260101,5195883.83,519300.0,1064217.17,544917.17,577,5715183.83,17.0,8.7
424,d,3489805,2826742.05,429300.0,663062.95,233762.95,477,3256042.05,19.0,6.7
425,d,1580753,1280409.93,427500.0,300343.07,-127156.93,475,1707909.93,19.0,-8.04
426,a,2435673,1948538.4,429300.0,487134.6,57834.6,477,2377838.4,20.0,2.37
427,a,2216732,1773385.6,264600.0,443346.4,178746.4,294,2037985.6,20.0,8.06
428,d,1859390,1506105.9,264600.0,353284.1,88684.1,294,1770705.9,19.0,4.77
429,d,1550103,1255583.43,264600.0,294519.57,29919.57,294,1520183.43,19.0,1.93
430,d,2545650,2061976.5,264600.0,483673.5,219073.5,294,2326576.5,19.0,8.61
431,d,4671455,3783878.55,429300.0,887576.45,458276.45,477,4213178.55,19.0,9.81
432,a,5360920,4288736.0,432000.0,1072184.0,640184.0,480,4720736.0,20.0,11.94
433,a,2828184,2262547.2,476100.0,565636.8,89536.8,529,2738647.2,20.0,3.17
434,a,2997683,2398146.4,264600.0,599536.6,334936.6,294,2662746.4,20.0,11.17
435,a,1534022,1227217.6,429300.0,306804.4,-122495.6,477,1656517.6,20.0,-7.99
436,d,2659362,2154083.22,430200.0,505278.78,75078.78,478,2584283.22,19.0,2.82
437,c,3572470,2822251.3,430200.0,750218.7,320018.7,478,3252451.3,21.0,8.96
438,d,2603311,2108681.91,430200.0,494629.09,64429.09,478,2538881.91,19.0,2.47
439,a,3499900,2799920.0,432000.0,699980.0,267980.0,480,3231920.0,20.0,7.66
440,d,2511089,2033982.09,427500.0,477106.91,49606.91,475,2461482.09,19.0,1.98
441,d,3150824,2552167.44,429300.0,598656.56,169356.56,477,2981467.44,19.0,5.37
442,c,2149087,1697778.73,427500.0,451308.27,23808.27,475,2125278.73,21.0,1.11
443,d,2533350,2052013.5,430200.0,481336.5,51136.5,478,2482213.5,19.0,2.02
444,c,5786460,4571303.4,430200.0,1215156.6,784956.6,478,5001503.4,21.0,13.57
445,a,4099639,3279711.2,427500.0,819927.8,392427.8,475,3707211.2,20.0,9.57
446,a,2378818,1903054.4,429300.0,475763.6,46463.6,477,2332354.4,20.0,1.95
447,a,2578089,2062471.2,432000.0,515617.8,83617.8,480,2494471.2,20.0,3.24
448,a,4104346,3283476.8,429300.0,820869.2,391569.2,477,3712776.8,20.0,9.54
449,a,5289247,4231397.6,430200.0,1057849.4,627649.4,478,4661597.6,20.0,11.87
450,c,4157441,3284378.39,427500.0,873062.61,445562.61,475,3711878.39,21.0,10.72
451,a,2640413,2112330.4,430200.0,528082.6,97882.6,478,2542530.4,20.0,3.71
452,a,2331614,1865291.2,432000.0,466322.8,34322.8,480,2297291.2,20.0,1.47
453,a,4249848,3399878.4,489600.0,849969.6,360369.6,544,3889478.4,20.0,8.48
454,a,2770420,2216336.0,429300.0,554084.0,124784.0,477,2645636.0,20.0,4.5
455,d,3729240,3020684.4,427500.0,708555.6,281055.6,475,3448184.4,19.0,7.54
456,a,2892901,2314320.8,429300.0,578580.2,149280.2,477,2743620.8,20.0,5.16
457,d,1520202,1231363.62,264600.0,288838.38,24238.38,294,1495963.62,19.0,1.59
458,c,3627824,2865980.96,430200.0,761843.04,331643.04,478,3296180.96,21.0,9.14
459,a,4445381,3556304.8,432000.0,889076.2,457076.2,480,3988304.8,20.0,10.28
460,a,1793667,1434933.6,429300.0,358733.4,-70566.6,477,1864233.6,20.0,-3.93
461,d,2253847,1825616.07,427500.0,428230.93,730.93,475,2253116.07,19.0,0.03
462,a,2271176,1816940.8,429300.0,454235.2,24935.2,477,2246240.8,20.0,1.1
463,a,2953324,2362659.2,429300.0,590664.8,161364.8,477,2791959.2,20.0,5.46
464,c,5033048,3976107.92,432000.0,1056940.08,624940.08,480,4408107.92,21.0,12.42
465,d,3792567,3071979.27,430200.0,720587.73,290387.73,478,3502179.27,19.0,7.66
466,a,3733000,2986400.0,429300.0,746600.0,317300.0,477,3415700.0,20.0,8.5
467,a,6428059,5142447.2,429300.0,1285611.8,856311.8,477,5571747.2,20.0,13.32
468,c,3067291,2423159.89,432000.0,644131.11,212131.11,480,2855159.89,21.0,6.92
469,c,5579946,4408157.34,432000.0,1171788.66,739788.66,480,4840157.34,21.0,13.26
470,a,6141781,4913424.8,427500.0,1228356.2,800856.2,475,5340924.8,20.0,13.04
471,d,2104581,1704710.61,264600.0,399870.39,135270.39,294,1969310.61,19.0,6.43
472,c,2511802,1984323.58,432000.0,527478.42,95478.42,480,2416323.58,21.0,3.8
473,a,1682260,1345808.0,429300.0,336452.0,-92848.0,477,1775108.0,20.0,-5.52
474,c,3645143,2879662.97,431100.0,765480.03,334380.03,479,3310762.97,21.0,9.17
475,a,3068460,2454768.0,427500.0,613692.0,186192.0,475,2882268.0,20.0,6.07
476,d,2809922,2276036.82,430200.0,533885.18,103685.18,478,2706236.82,19.0,3.69
477,d,1845664,1494987.84,264600.0,350676.16,86076.16,294,1759587.84,19.0,4.66
478,d,3276573,2654024.13,432000.0,622548.87,190548.87,480,3086024.13,19.0,5.82
479,a,5422525,4338020.0,430200.0,1084505.0,654305.0,478,4768220.0,20.0,12.07
480,a,2377379,1901903.2,432000.0,475475.8,43475.8,480,2333903.2,20.0,1.83
481,c,2717471,2146802.09,430200.0,570668.91,140468.91,478,2577002.09,21.0,5.17
482,c,3885026,3069170.54,430200.0,815855.46,385655.46,478,3499370.54,21.0,9.93
483,a,2391943,1913554.4,429300.0,478388.6,49088.6,477,2342854.4,20.0,2.05
484,a,3721739,2977391.2,432000.0,744347.8,312347.8,480,3409391.2,20.0,8.39
485,d,1519991,1231192.71,264600.0,288798.29,24198.29,294,1495792.71,19.0,1.59
486,a,2105632,1684505.6,429300.0,421126.4,-8173.6,477,2113805.6,20.0,-0.39
487,d,3459904,2802522.24,432000.0,657381.76,225381.76,480,3234522.24,19.0,6.51
488,a,1769050,1415240.0,432000.0,353810.0,-78190.0,480,1847240.0,20.0,-4.42
489,a,3520819,2816655.2,429300.0,704163.8,274863.8,477,3245955.2,20.0,7.81
490,a,2452624,1962099.2,264600.0,490524.8,225924.8,294,2226699.2,20.0,9.21
491,d,3350245,2713698.45,427500.0,636546.55,209046.55,475,3141198.45,19.0,6.24
492,a,2287161,1829728.8,256500.0,457432.2,200932.2,285,2086228.8,20.0,8.79
493,d,4197556,3400020.36,429300.0,797535.64,368235.64,477,3829320.36,19.0,8.77
494,b,4462513,3703885.79,519300.0,758627.21,239327.21,577,4223185.79,17.0,5.36
495,d,2518360,2039871.6,427500.0,478488.4,50988.4,475,2467371.6,19.0,2.02
496,d,3769568,3053350.08,432000.0,716217.92,284217.92,480,3485350.08,19.0,7.54
497,a,4388016,3510412.8,430200.0,877603.2,447403.2,478,3940612.8,20.0,10.2
498,a,2084776,1667820.8,264600.0,416955.2,152355.2,294,1932420.8,20.0,7.31
499,c,2593987,2049249.73,427500.0,544737.27,117237.27,475,2476749.73,21.0,4.52
500,d,1699108,1376277.48,264600.0,322830.52,58230.52,294,1640877.48,19.0,3.43
501,a,1495966,1196772.8,264600.0,299193.2,34593.2,294,1461372.8,20.0,2.31
502,a,5091041,4072832.8,423900.0,1018208.2,594308.2,471,4496732.8,20.0,11.67
503,d,3314896,2685065.76,429300.0,629830.24,200530.24,477,3114365.76,19.0,6.05
504,c,3231072,2552546.88,432000.0,678525.12,246525.12,480,2984546.88,21.0,7.63
505,a,2304410,1843528.0,427500.0,460882.0,33382.0,475,2271028.0,20.0,1.45
506,a,3600054,2880043.2,429300.0,720010.8,290710.8,477,3309343.2,20.0,8.08
507,a,4088916,3271132.8,429300.0,817783.2,388483.2,477,3700432.8,20.0,9.5
508,a,3411114,2728891.2,427500.0,682222.8,254722.8,475,3156391.2,20.0,7.47
509,a,2925751,2340600.8,430200.0,585150.2,154950.2,478,2770800.8,20.0,5.3
510,a,3906601,3125280.8,429300.0,781320.2,352020.2,477,3554580.8,20.0,9.01
511,a,2764556,2211644.8,432000.0,552911.2,120911.2,480,2643644.8,20.0,4.37
512,b,2143478,1779086.74,325800.0,364391.26,38591.26,362,2104886.74,17.0,1.8
513,a,8443087,6754469.6,432000.0,1688617.4,1256617.4,480,7186469.6,20.0,14.88
514,c,1789889,1414012.31,264600.0,375876.69,111276.69,294,1678612.31,21.0,6.22
515,d,4393864,3559029.84,429300.0,834834.16,405534.16,477,3988329.84,19.0,9.23
516,a,2911851,2329480.8,429300.0,582370.2,153070.2,477,2758780.8,20.0,5.26
517,a,2878933,2303146.4,431100.0,575786.6,144686.6,479,2734246.4,20.0,5.03
518,d,1807307,1463918.67,264600.0,343388.33,78788.33,294,1728518.67,19.0,4.36
519,c,2542787,2008801.73,432000.0,533985.27,101985.27,480,2440801.73,21.0,4.01
520,a,1886305,1509044.0,432000.0,377261.0,-54739.0,480,1941044.0,20.0,-2.9
521,d,2498667,2023920.27,429300.0,474746.73,45446.73,477,2453220.27,19.0,1.82
522,d,2484715,2012619.15,264600.0,472095.85,207495.85,294,2277219.15,19.0,8.35
523,c,6677369,5275121.51,432000.0,1402247.49,970247.49,480,5707121.51,21.0,14.53
524,a,4234947,3387957.6,486000.0,846989.4,360989.4,540,3873957.6,20.0,8.52
525,d,4808465,3894856.65,431100.0,913608.35,482508.35,479,4325956.65,19.0,10.03
526,a,5200370,4160296.0,431100.0,1040074.0,608974.0,479,4591396.0,20.0,11.71
527,d,5226341,4233336.21,430200.0,993004.79,562804.79,478,4663536.21,19.0,10.77
528,a,5141704,4113363.2,429300.0,1028340.8,599040.8,477,4542663.2,20.0,11.65
529,d,3851342,3119587.02,432000.0,731754.98,299754.98,480,3551587.02,19.0,7.78
530,a,2638324,2110659.2,495900.0,527664.8,31764.8,551,2606559.2,20.0,1.2
531,a,2424233,1939386.4,432000.0,484846.6,52846.6,480,2371386.4,20.0,2.18
532,a,5285796,4228636.8,429300.0,1057159.2,627859.2,477,4657936.8,20.0,11.88
533,a,4815974,3852779.2,427500.0,963194.8,535694.8,475,4280279.2,20.0,11.12
534,d,2238199,1812941.19,264600.0,425257.81,160657.81,294,2077541.19,19.0,7.18
535,a,3927708,3142166.4,429300.0,785541.6,356241.6,477,3571466.4,20.0,9.07
536,a,4039933,3231946.4,429300.0,807986.6,378686.6,477,3661246.4,20.0,9.37
537,a,2818821,2255056.8,427500.0,563764.2,136264.2,475,2682556.8,20.0,4.83
538,a,1854484,1483587.2,432000.0,370896.8,-61103.2,480,1915587.2,20.0,-3.29
539,a,3323922,2659137.6,264600.0,664784.4,400184.4,294,2923737.6,20.0,12.04
540,d,1895662,1535486.22,264600.0,360175.78,95575.78,294,1800086.22,19.0,5.04
541,a,3300451,2640360.8,429300.0,660090.2,230790.2,477,3069660.8,20.0,6.99
542,a,1835859,1468687.2,264600.0,367171.8,102571.8,294,1733287.2,20.0,5.59
543,c,1309608,1034590.32,430200.0,275017.68,-155182.32,478,1464790.32,21.0,-11.85
544,a,6527370,5221896.0,430200.0,1305474.0,875274.0,478,5652096.0,20.0,13.41
545,a,5203772,4163017.6,429300.0,1040754.4,611454.4,477,4592317.6,20.0,11.75
546,a,6734169,5387335.2,432000.0,1346833.8,914833.8,480,5819335.2,20.0,13.58
547,d,1742786,1411656.66,264600.0,331129.34,66529.34,294,1676256.66,19.0,3.82
548,d,2443568,1979290.08,418500.0,464277.92,45777.92,465,2397790.08,19.0,1.87
549,a,2281963,1825570.4,432000.0,456392.6,24392.6,480,2257570.4,20.0,1.07
550,d,3024002,2449441.62,430200.0,574560.38,144360.38,478,2879641.62,19.0,4.77
551,a,3194223,2555378.4,432000.0,638844.6,206844.6,480,2987378.4,20.0,6.48
552,a,3724300,2979440.0,430200.0,744860.0,314660.0,478,3409640.0,20.0,8.45
553,c,3458302,2732058.58,427500.0,726243.42,298743.42,475,3159558.58,21.0,8.64
554,c,2324641,1836466.39,432000.0,488174.61,56174.61,480,2268466.39,21.0,2.42
555,d,1417993,1148574.33,264600.0,269418.67,4818.67,294,1413174.33,19.0,0.34
556,d,3597490,2913966.9,431100.0,683523.1,252423.1,479,3345066.9,19.0,7.02
557,a,2066449,1653159.2,429300.0,413289.8,-16010.2,477,2082459.2,20.0,-0.77
558,a,1531982,1225585.6,432000.0,306396.4,-125603.6,480,1657585.6,20.0,-8.2
559,d,2837244,2298167.64,429300.0,539076.36,109776.36,477,2727467.64,19.0,3.87
560,c,6640364,5245887.56,432000.0,1394476.44,962476.44,480,5677887.56,21.0,14.49
561,d,3280975,2657589.75,429300.0,623385.25,194085.25,477,3086889.75,19.0,5.92
562,b,10390071,8623758.93,519300.0,1766312.07,1247012.07,577,9143058.93,17.0,12.0
563,a,2589328,2071462.4,427500.0,517865.6,90365.6,475,2498962.4,20.0,3.49
564,d,2721918,2204753.58,429300.0,517164.42,87864.42,477,2634053.58,19.0,3.23
565,a,3229678,2583742.4,429300.0,645935.6,216635.6,477,3013042.4,20.0,6.71
566,a,2500151,2000120.8,432000.0,500030.2,68030.2,480,2432120.8,20.0,2.72
567,c,2518542,1989648.18,429300.0,528893.82,99593.82,477,2418948.18,21.0,3.95
568,d,2471642,2002030.02,430200.0,469611.98,39411.98,478,2432230.02,19.0,1.59
569,a,2170734,1736587.2,432000.0,434146.8,2146.8,480,2168587.2,20.0,0.1
570,a,2058664,1646931.2,429300.0,411732.8,-17567.2,477,2076231.2,20.0,-0.85
571,d,2388246,1934479.26,264600.0,453766.74,189166.74,294,2199079.26,19.0,7.92
572,d,3290060,2664948.6,426600.0,625111.4,198511.4,474,3091548.6,19.0,6.03
573,a,1157735,926188.0,264600.0,231547.0,-33053.0,294,1190788.0,20.0,-2.85
574,d,4286093,3471735.33,427500.0,814357.67,386857.67,475,3899235.33,19.0,9.03
575,a,1643601,1314880.8,264600.0,328720.2,64120.2,294,1579480.8,20.0,3.9
576,c,3413020,2696285.8,432000.0,716734.2,284734.2,480,3128285.8,21.0,8.34
577,a,2352002,1881601.6,432000.0,470400.4,38400.4,480,2313601.6,20.0,1.63
578,d,4581244,3710807.64,493200.0,870436.36,377236.36,548,4204007.64,19.0,8.23
579,c,3932601,3106754.79,429300.0,825846.21,396546.21,477,3536054.79,21.0,10.08
580,a,4724379,3779503.2,432000.0,944875.8,512875.8,480,4211503.2,20.0,10.86
581,a,2529988,2023990.4,429300.0,505997.6,76697.6,477,2453290.4,20.0,3.03
582,a,3360086,2688068.8,431100.0,672017.2,240917.2,479,3119168.8,20.0,7.17
583,a,2066582,1653265.6,429300.0,413316.4,-15983.6,477,2082565.6,20.0,-0.77
584,d,2324158,1882567.98,430200.0,441590.02,11390.02,478,2312767.98,19.0,0.49
585,d,2527042,2046904.02,432000.0,480137.98,48137.98,480,2478904.02,19.0,1.9
586,a,7353161,5882528.8,427500.0,1470632.2,1043132.2,475,6310028.8,20.0,14.19
587,d,2995328,2426215.68,264600.0,569112.32,304512.32,294,2690815.68,19.0,10.17
588,d,3009273,2437511.13,432000.0,571761.87,139761.87,480,2869511.13,19.0,4.64
589,a,2354530,1883624.0,408600.0,470906.0,62306.0,454,2292224.0,20.0,2.65
590,d,2462662,1994756.22,427500.0,467905.78,40405.78,475,2422256.22,19.0,1.64
591,a,2710999,2168799.2,427500.0,542199.8,114699.8,475,2596299.2,20.0,4.23
592,a,2115889,1692711.2,429300.0,423177.8,-6122.2,477,2122011.2,20.0,-0.29
593,a,4557877,3646301.6,432000.0,911575.4,479575.4,480,4078301.6,20.0,10.52
594,a,2029011,1623208.8,432000.0,405802.2,-26197.8,480,2055208.8,20.0,-1.29
595,c,7220648,5704311.92,432000.0,1516336.08,1084336.08,480,6136311.92,21.0,15.02
596,c,2200238,1738188.02,432000.0,462049.98,30049.98,480,2170188.02,21.0,1.37
597,a,2482694,1986155.2,429300.0,496538.8,67238.8,477,2415455.2,20.0,2.71
598,c,1693041,1337502.39,264600.0,355538.61,90938.61,294,1602102.39,21.0,5.37
599,d,4713863,3818229.03,432000.0,895633.97,463633.97,480,4250229.03,19.0,9.84
600,d,3467609,2808763.29,432000.0,658845.71,226845.71,480,3240763.29,19.0,6.54
601,d,2359225,1910972.25,430200.0,448252.75,18052.75,478,2341172.25,19.0,0.77
602,a,3079745,2463796.0,430200.0,615949.0,185749.0,478,2893996.0,20.0,6.03
603,a,3422720,2738176.0,427500.0,684544.0,257044.0,475,3165676.0,20.0,7.51
604,d,2279578,1846458.18,264600.0,433119.82,168519.82,294,2111058.18,19.0,7.39
605,d,3459122,2801888.82,427500.0,657233.18,229733.18,475,3229388.82,19.0,6.64
606,a,2790588,2232470.4,432000.0,558117.6,126117.6,480,2664470.4,20.0,4.52
607,a,1865917,1492733.6,431100.0,373183.4,-57916.6,479,1923833.6,20.0,-3.1
608,a,4566446,3653156.8,429300.0,913289.2,483989.2,477,4082456.8,20.0,10.6
609,a,2252268,1801814.4,432000.0,450453.6,18453.6,480,2233814.4,20.0,0.82
610,a,2011330,1609064.0,429300.0,402266.0,-27034.0,477,2038364.0,20.0,-1.34
611,a,1696861,1357488.8,264600.0,339372.2,74772.2,294,1622088.8,20.0,4.41
612,d,2009102,1627372.62,264600.0,381729.38,117129.38,294,1891972.62,19.0,5.83
613,c,3206568,2533188.72,431100.0,673379.28,242279.28,479,2964288.72,21.0,7.56
614,a,3175350,2540280.0,430200.0,635070.0,204870.0,478,2970480.0,20.0,6.45
615,d,4590999,3718709.19,430200.0,872289.81,442089.81,478,4148909.19,19.0,9.63
616,a,4027328,3221862.4,429300.0,805465.6,376165.6,477,3651162.4,20.0,9.34
617,a,3091533,2473226.4,430200.0,618306.6,188106.6,478,2903426.4,20.0,6.08
618,d,3386185,2742809.85,430200.0,643375.15,213175.15,478,3173009.85,19.0,6.3
619,a,1272451,1017960.8,264600.0,254490.2,-10109.8,294,1282560.8,20.0,-0.79
620,d,2372666,1921859.46,264600.0,450806.54,186206.54,294,2186459.46,19.0,7.85
621,a,2866932,2293545.6,429300.0,573386.4,144086.4,477,2722845.6,20.0,5.03
622,a,2096285,1677028.0,432000.0,419257.0,-12743.0,480,2109028.0,20.0,-0.61
623,a,3275725,2620580.0,417600.0,655145.0,237545.0,464,3038180.0,20.0,7.25
624,a,3341348,2673078.4,429300.0,668269.6,238969.6,477,3102378.4,20.0,7.15
625,a,3041172,2432937.6,429300.0,608234.4,178934.4,477,2862237.6,20.0,5.88
626,c,4464842,3527225.18,430200.0,937616.82,507416.82,478,3957425.18,21.0,11.36
627,c,3029958,2393666.82,430200.0,636291.18,206091.18,478,2823866.82,21.0,6.8
628,a,3006661,2405328.8,432000.0,601332.2,169332.2,480,2837328.8,20.0,5.63
629,d,2107669,1707211.89,264600.0,400457.11,135857.11,294,1971811.89,19.0,6.45
630,a,3326120,2660896.0,429300.0,665224.0,235924.0,477,3090196.0,20.0,7.09
631,d,2682610,2172914.1,432000.0,509695.9,77695.9,480,2604914.1,19.0,2.9
632,a,3450442,2760353.6,432000.0,690088.4,258088.4,480,3192353.6,20.0,7.48
633,d,2157361,1747462.41,264600.0,409898.59,145298.59,294,2012062.41,19.0,6.74
634,d,3285005,2660854.05,430200.0,624150.95,193950.95,478,3091054.05,19.0,5.9
635,a,2857538,2286030.4,429300.0,571507.6,142207.6,477,2715330.4,20.0,4.98
636,c,1788398,1412834.42,264600.0,375563.58,110963.58,294,1677434.42,21.0,6.2
637,d,2581448,2090972.88,264600.0,490475.12,225875.12,294,2355572.88,19.0,8.75
638,d,1798042,1456414.02,264600.0,341627.98,77027.98,294,1721014.02,19.0,4.28
639,a,2228098,1782478.4,429300.0,445619.6,16319.6,477,2211778.4,20.0,0.73
640,d,5618056,4550625.36,429300.0,1067430.64,638130.64,477,4979925.36,19.0,11.36
641,a,2735597,2188477.6,429300.0,547119.4,117819.4,477,2617777.6,20.0,4.31
642,c,1740613,1375084.27,429300.0,365528.73,-63771.27,477,1804384.27,21.0,-3.66
643,a,3842373,3073898.4,432000.0,768474.6,336474.6,480,3505898.4,20.0,8.76
644,c,2591670,2047419.3,244800.0,544250.7,299450.7,272,2292219.3,21.0,11.55
645,a,5030836,4024668.8,427500.0,1006167.2,578667.2,475,4452168.8,20.0,11.5
646,a,1491666,1193332.8,264600.0,298333.2,33733.2,294,1457932.8,20.0,2.26
647,a,2806994,2245595.2,432000.0,561398.8,129398.8,480,2677595.2,20.0,4.61
648,d,3195626,2588457.06,432000.0,607168.94,175168.94,480,3020457.06,19.0,5.48
649,a,1779192,1423353.6,429300.0,355838.4,-73461.6,477,1852653.6,20.0,-4.13
650,a,1883341,1506672.8,264600.0,376668.2,112068.2,294,1771272.8,20.0,5.95
651,a,3651251,2921000.8,429300.0,730250.2,300950.2,477,3350300.8,20.0,8.24
652,a,3246561,2597248.8,431100.0,649312.2,218212.2,479,3028348.8,20.0,6.72
653,d,2846833,2305934.73,429300.0,540898.27,111598.27,477,2735234.73,19.0,3.92
654,c,3179022,2511427.38,430200.0,667594.62,237394.62,478,2941627.38,21.0,7.47
655,d,4172138,3379431.78,429300.0,792706.22,363406.22,477,3808731.78,19.0,8.71
656,d,1592423,1289862.63,430200.0,302560.37,-127639.63,478,1720062.63,19.0,-8.02
657,c,3038352,2400298.08,427500.0,638053.92,210553.92,475,2827798.08,21.0,6.93
658,d,2828595,2291161.95,429300.0,537433.05,108133.05,477,2720461.95,19.0,3.82
659,d,2671807,2164163.67,430200.0,507643.33,77443.33,478,2594363.67,19.0,2.9
660,a,1386844,1109475.2,264600.0,277368.8,12768.8,294,1374075.2,20.0,0.92
661,d,3428420,2777020.2,418500.0,651399.8,232899.8,465,3195520.2,19.0,6.79
662,d,4013840,3251210.4,432000.0,762629.6,330629.6,480,3683210.4,19.0,8.24
663,a,2622492,2097993.6,427500.0,524498.4,96998.4,475,2525493.6,20.0,3.7
664,d,2453012,1986939.72,429300.0,466072.28,36772.28,477,2416239.72,19.0,1.5
665,a,3884465,3107572.0,430200.0,776893.0,346693.0,478,3537772.0,20.0,8.93
666,c,3426073,2706597.67,427500.0,719475.33,291975.33,475,3134097.67,21.0,8.52
667,d,4260592,3451079.52,431100.0,809512.48,378412.48,479,3882179.52,19.0,8.88
668,c,4348480,3435299.2,432000.0,913180.8,481180.8,480,3867299.2,21.0,11.07
669,d,1357597,1099653.57,264600.0,257943.43,-6656.57,294,1364253.57,19.0,-0.49
670,a,1951121,1560896.8,264600.0,390224.2,125624.2,294,1825496.8,20.0,6.44
671,a,1845341,1476272.8,264600.0,369068.2,104468.2,294,1740872.8,20.0,5.66
672,c,4157602,3284505.58,430200.0,873096.42,442896.42,478,3714705.58,21.0,10.65
673,d,3620950,2932969.5,427500.0,687980.5,260480.5,475,3360469.5,19.0,7.19
674,a,3724642,2979713.6,398700.0,744928.4,346228.4,443,3378413.6,20.0,9.3
675,a,1914055,1531244.0,430200.0,382811.0,-47389.0,478,1961444.0,20.0,-2.48
676,b,4898225,4065526.75,519300.0,832698.25,313398.25,577,4584826.75,17.0,6.4
677,d,2266846,1836145.26,264600.0,430700.74,166100.74,294,2100745.26,19.0,7.33
678,c,3563633,2815270.07,429300.0,748362.93,319062.93,477,3244570.07,21.0,8.95
679,a,4826829,3861463.2,432000.0,965365.8,533365.8,480,4293463.2,20.0,11.05
680,c,2501742,1976376.18,432000.0,525365.82,93365.82,480,2408376.18,21.0,3.73
681,a,1764337,1411469.6,429300.0,352867.4,-76432.6,477,1840769.6,20.0,-4.33
682,b,6485236,5382745.88,519300.0,1102490.12,583190.12,577,5902045.88,17.0,8.99
683,a,4186443,3349154.4,432000.0,837288.6,405288.6,480,3781154.4,20.0,9.68
684,d,2440050,1976440.5,264600.0,463609.5,199009.5,294,2241040.5,19.0,8.16
685,a,2770854,2216683.2,429300.0,554170.8,124870.8,477,2645983.2,20.0,4.51
686,a,3000316,2400252.8,430200.0,600063.2,169863.2,478,2830452.8,20.0,5.66
687,d,4191054,3394753.74,429300.0,796300.26,367000.26,477,3824053.74,19.0,8.76
688,a,1725683,1380546.4,429300.0,345136.6,-84163.4,477,1809846.4,20.0,-4.88
689,d,3312485,2683112.85,430200.0,629372.15,199172.15,478,3113312.85,19.0,6.01
690,a,2680685,2144548.0,429300.0,536137.0,106837.0,477,2573848.0,20.0,3.99
691,d,3966356,3212748.36,429300.0,753607.64,324307.64,477,3642048.36,19.0,8.18
692,a,3111530,2489224.0,429300.0,622306.0,193006.0,477,2918524.0,20.0,6.2
693,d,3199815,2591850.15,430200.0,607964.85,177764.85,478,3022050.15,19.0,5.56
694,a,2397381,1917904.8,264600.0,479476.2,214876.2,294,2182504.8,20.0,8.96
695,a,2605891,2084712.8,429300.0,521178.2,91878.2,477,2514012.8,20.0,3.53
696,a,3920628,3136502.4,432000.0,784125.6,352125.6,480,3568502.4,20.0,8.98
697,d,5227295,4234108.95,429300.0,993186.05,563886.05,477,4663408.95,19.0,10.79
698,a,7733457,6186765.6,432000.0,1546691.4,1114691.4,480,6618765.6,20.0,14.41
699,a,3795251,3036200.8,415800.0,759050.2,343250.2,462,3452000.8,20.0,9.04
700,a,2163128,1730502.4,430200.0,432625.6,2425.6,478,2160702.4,20.0,0.11
701,d,1758478,1424367.18,264600.0,334110.82,69510.82,294,1688967.18,19.0,3.95
702,a,1248689,998951.2,264600.0,249737.8,-14862.2,294,1263551.2,20.0,-1.19
703,a,1571681,1257344.8,429300.0,314336.2,-114963.8,477,1686644.8,20.0,-7.31
704,d,5147580,4169539.8,431100.0,978040.2,546940.2,479,4600639.8,19.0,10.63
705,a,3857352,3085881.6,429300.0,771470.4,342170.4,477,3515181.6,20.0,8.87
706,d,1708829,1384151.49,264600.0,324677.51,60077.51,294,1648751.49,19.0,3.52
707,a,4060522,3248417.6,429300.0,812104.4,382804.4,477,3677717.6,20.0,9.43
708,c,2146088,1695409.52,359100.0,450678.48,91578.48,399,2054509.52,21.0,4.27
709,a,4846076,3876860.8,432000.0,969215.2,537215.2,480,4308860.8,20.0,11.09
710,d,1404211,1137410.91,264600.0,266800.09,2200.09,294,1402010.91,19.0,0.16
711,d,2091933,1694465.73,264600.0,397467.27,132867.27,294,1959065.73,19.0,6.35
712,a,1853094,1482475.2,264600.0,370618.8,106018.8,294,1747075.2,20.0,5.72
713,a,4857093,3885674.4,429300.0,971418.6,542118.6,477,4314974.4,20.0,11.16
714,d,2349505,1903099.05,427500.0,446405.95,18905.95,475,2330599.05,19.0,0.8
715,a,3045332,2436265.6,429300.0,609066.4,179766.4,477,2865565.6,20.0,5.9
716,d,1684898,1364767.38,264600.0,320130.62,55530.62,294,1629367.38,19.0,3.3
717,d,2724534,2206872.54,429300.0,517661.46,88361.46,477,2636172.54,19.0,3.24
718,a,3787477,3029981.6,430200.0,757495.4,327295.4,478,3460181.6,20.0,8.64
719,c,1567348,1238204.92,264600.0,329143.08,64543.08,294,1502804.92,21.0,4.12
720,a,3437910,2750328.0,432000.0,687582.0,255582.0,480,3182328.0,20.0,7.43
721,a,3715271,2972216.8,432000.0,743054.2,311054.2,480,3404216.8,20.0,8.37
722,a,4691575,3753260.0,432000.0,938315.0,506315.0,480,4185260.0,20.0,10.79
723,d,3618021,2930597.01,430200.0,687423.99,257223.99,478,3360797.01,19.0,7.11
724,d,3343337,2708102.97,429300.0,635234.03,205934.03,477,3137402.97,19.0,6.16
725,d,2763716,2238609.96,432000.0,525106.04,93106.04,480,2670609.96,19.0,3.37
726,a,5329784,4263827.2,430200.0,1065956.8,635756.8,478,4694027.2,20.0,11.93
727,a,2195810,1756648.0,430200.0,439162.0,8962.0,478,2186848.0,20.0,0.41
728,d,2538873,2056487.13,427500.0,482385.87,54885.87,475,2483987.13,19.0,2.16
729,c,5176208,4089204.32,429300.0,1087003.68,657703.68,477,4518504.32,21.0,12.71
730,c,3585883,2832847.57,432000.0,753035.43,321035.43,480,3264847.57,21.0,8.95
731,a,4367946,3494356.8,427500.0,873589.2,446089.2,475,3921856.8,20.0,10.21
732,a,3200091,2560072.8,486000.0,640018.2,154018.2,540,3046072.8,20.0,4.81
733,b,8764972,7274926.76,519300.0,1490045.24,970745.24,577,7794226.76,17.0,11.08
734,a,2758511,2206808.8,429300.0,551702.2,122402.2,477,2636108.8,20.0,4.44
735,d,2668623,2161584.63,429300.0,507038.37,77738.37,477,2590884.63,19.0,2.91
736,c,1568162,1238847.98,264600.0,329314.02,64714.02,294,1503447.98,21.0,4.13
737,a,2971374,2377099.2,429300.0,594274.8,164974.8,477,2806399.2,20.0,5.55
738,d,4138373,3352082.13,429300.0,786290.87,356990.87,477,3781382.13,19.0,8.63
739,d,2977742,2411971.02,264600.0,565770.98,301170.98,294,2676571.02,19.0,10.11
740,d,3437886,2784687.66,430200.0,653198.34,222998.34,478,3214887.66,19.0,6.49
741,d,3855336,3122822.16,432000.0,732513.84,300513.84,480,3554822.16,19.0,7.79
742,d,3922081,3176885.61,429300.0,745195.39,315895.39,477,3606185.61,19.0,8.05
743,a,1862849,1490279.2,430200.0,372569.8,-57630.2,478,1920479.2,20.0,-3.09
744,a,2184803,1747842.4,264600.0,436960.6,172360.6,294,2012442.4,20.0,7.89
745,a,3598894,2879115.2,430200.0,719778.8,289578.8,478,3309315.2,20.0,8.05
746,d,3095688,2507507.28,430200.0,588180.72,157980.72,478,2937707.28,19.0,5.1
747,c,3890876,3073792.04,429300.0,817083.96,387783.96,477,3503092.04,21.0,9.97
748,d,2780870,2252504.7,429300.0,528365.3,99065.3,477,2681804.7,19.0,3.56
749,a,2414665,1931732.0,429300.0,482933.0,53633.0,477,2361032.0,20.0,2.22
750,d,1528526,1238106.06,264600.0,290419.94,25819.94,294,1502706.06,19.0,1.69
751,a,1981456,1585164.8,429300.0,396291.2,-33008.8,477,2014464.8,20.0,-1.67
752,a,2496810,1997448.0,429300.0,499362.0,70062.0,477,2426748.0,20.0,2.81
753,d,4078997,3303987.57,429300.0,775009.43,345709.43,477,3733287.57,19.0,8.48
754,c,3627700,2865883.0,431100.0,761817.0,330717.0,479,3296983.0,21.0,9.12
755,d,5115088,4143221.28,430200.0,971866.72,541666.72,478,4573421.28,19.0,10.59
756,a,8054442,6443553.6,429300.0,1610888.4,1181588.4,477,6872853.6,20.0,14.67
757,a,3137281,2509824.8,427500.0,627456.2,199956.2,475,2937324.8,20.0,6.37
758,a,2330918,1864734.4,425700.0,466183.6,40483.6,473,2290434.4,20.0,1.74
759,a,3438653,2750922.4,429300.0,687730.6,258430.6,477,3180222.4,20.0,7.52
760,a,3673119,2938495.2,425700.0,734623.8,308923.8,473,3364195.2,20.0,8.41
761,a,4241895,3393516.0,432000.0,848379.0,416379.0,480,3825516.0,20.0,9.82
762,d,1948384,1578191.04,427500.0,370192.96,-57307.04,475,2005691.04,19.0,-2.94
763,d,2971020,2406526.2,432000.0,564493.8,132493.8,480,2838526.2,19.0,4.46
764,a,1784940,1427952.0,429300.0,356988.0,-72312.0,477,1857252.0,20.0,-4.05
765,a,4125511,3300408.8,427500.0,825102.2,397602.2,475,3727908.8,20.0,9.64
766,d,1895270,1535168.7,264600.0,360101.3,95501.3,294,1799768.7,19.0,5.04
767,a,2902073,2321658.4,432000.0,580414.6,148414.6,480,2753658.4,20.0,5.11
768,a,6339342,5071473.6,432000.0,1267868.4,835868.4,480,5503473.6,20.0,13.19
769,b,6656513,5524905.79,519300.0,1131607.21,612307.21,577,6044205.79,17.0,9.2
770,a,3051577,2441261.6,429300.0,610315.4,181015.4,477,2870561.6,20.0,5.93
771,a,1998035,1598428.0,264600.0,399607.0,135007.0,294,1863028.0,20.0,6.76
772,d,1855518,1502969.58,431100.0,352548.42,-78551.58,479,1934069.58,19.0,-4.23
773,a,2594158,2075326.4,430200.0,518831.6,88631.6,478,2505526.4,20.0,3.42
774,a,2642597,2114077.6,432000.0,528519.4,96519.4,480,2546077.6,20.0,3.65
775,d,2614942,2118103.02,264600.0,496838.98,232238.98,294,2382703.02,19.0,8.88
776,c,2325342,1837020.18,427500.0,488321.82,60821.82,475,2264520.18,21.0,2.62
777,d,2060453,1668966.93,428400.0,391486.07,-36913.93,476,2097366.93,19.0,-1.79
778,a,1699907,1359925.6,264600.0,339981.4,75381.4,294,1624525.6,20.0,4.43
779,a,3464478,2771582.4,430200.0,692895.6,262695.6,478,3201782.4,20.0,7.58
780,a,3155261,2524208.8,430200.0,631052.2,200852.2,478,2954408.8,20.0,6.37
781,a,2375372,1900297.6,429300.0,475074.4,45774.4,477,2329597.6,20.0,1.93
782,c,2736422,2161773.38,429300.0,574648.62,145348.62,477,2591073.38,21.0,5.31
783,d,3338235,2703970.35,431100.0,634264.65,203164.65,479,3135070.35,19.0,6.09
784,a,3722024,2977619.2,429300.0,744404.8,315104.8,477,3406919.2,20.0,8.47
785,d,3387267,2743686.27,429300.0,643580.73,214280.73,477,3172986.27,19.0,6.33
786,a,1707989,1366391.2,429300.0,341597.8,-87702.2,477,1795691.2,20.0,-5.13
787,c,4981790,3935614.1,430200.0,1046175.9,615975.9,478,4365814.1,21.0,12.36
788,a,8726313,6981050.4,432000.0,1745262.6,1313262.6,480,7413050.4,20.0,15.05
789,a,1695957,1356765.6,427500.0,339191.4,-88308.6,475,1784265.6,20.0,-5.21
790,d,3595716,2912529.96,430200.0,683186.04,252986.04,478,3342729.96,19.0,7.04
791,a,3888042,3110433.6,429300.0,777608.4,348308.4,477,3539733.6,20.0,8.96
792,d,3484378,2822346.18,429300.0,662031.82,232731.82,477,3251646.18,19.0,6.68
793,d,2352013,1905130.53,429300.0,446882.47,17582.47,477,2334430.53,19.0,0.75
794,c,1528308,1207363.32,430200.0,320944.68,-109255.32,478,1637563.32,21.0,-7.15
795,d,2188716,1772859.96,429300.0,415856.04,-13443.96,477,2202159.96,19.0,-0.61
796,a,3573113,2858490.4,429300.0,714622.6,285322.6,477,3287790.4,20.0,7.99
797,a,1391878,1113502.4,264600.0,278375.6,13775.6,294,1378102.4,20.0,0.99
798,a,3587550,2870040.0,430200.0,717510.0,287310.0,478,3300240.0,20.0,8.01
799,a,4828906,3863124.8,429300.0,965781.2,536481.2,477,4292424.8,20.0,11.11
800,d,2437273,1974191.13,429300.0,463081.87,33781.87,477,2403491.13,19.0,1.39
801,d,2382080,1929484.8,432000.0,452595.2,20595.2,480,2361484.8,19.0,0.86
802,a,3303113,2642490.4,432000.0,660622.6,228622.6,480,3074490.4,20.0,6.92
803,d,2734112,2214630.72,419400.0,519481.28,100081.28,466,2634030.72,19.0,3.66
804,c,1489542,1176738.18,264600.0,312803.82,48203.82,294,1441338.18,21.0,3.24
805,d,1620881,1312913.61,264600.0,307967.39,43367.39,294,1577513.61,19.0,2.68
806,d,2028728,1643269.68,264600.0,385458.32,120858.32,294,1907869.68,19.0,5.96
807,a,4763413,3810730.4,430200.0,952682.6,522482.6,478,4240930.4,20.0,10.97
808,a,3551423,2841138.4,430200.0,710284.6,280084.6,478,3271338.4,20.0,7.89
809,a,4499552,3599641.6,429300.0,899910.4,470610.4,477,4028941.6,20.0,10.46
810,d,2830185,2292449.85,429300.0,537735.15,108435.15,477,2721749.85,19.0,3.83
811,a,1984778,1587822.4,432000.0,396955.6,-35044.4,480,2019822.4,20.0,-1.77
812,d,3047670,2468612.7,430200.0,579057.3,148857.3,478,2898812.7,19.0,4.88
813,a,2796943,2237554.4,427500.0,559388.6,131888.6,475,2665054.4,20.0,4.72
814,d,4091454,3314077.74,431100.0,777376.26,346276.26,479,3745177.74,19.0,8.46
815,a,2216679,1773343.2,264600.0,443335.8,178735.8,294,2037943.2,20.0,8.06
816,c,2369418,1871840.22,429300.0,497577.78,68277.78,477,2301140.22,21.0,2.88
817,a,10024831,8019864.8,432000.0,2004966.2,1572966.2,480,8451864.8,20.0,15.69
818,d,3063622,2481533.82,430200.0,582088.18,151888.18,478,2911733.82,19.0,4.96
819,a,2945130,2356104.0,432000.0,589026.0,157026.0,480,2788104.0,20.0,5.33
820,a,3548684,2838947.2,264600.0,709736.8,445136.8,294,3103547.2,20.0,12.54
821,a,3337361,2669888.8,432000.0,667472.2,235472.2,480,3101888.8,20.0,7.06
822,a,3686353,2949082.4,432000.0,737270.6,305270.6,480,3381082.4,20.0,8.28
823,a,2878349,2302679.2,432000.0,575669.8,143669.8,480,2734679.2,20.0,4.99
824,a,3525063,2820050.4,432000.0,705012.6,273012.6,480,3252050.4,20.0,7.74
825,a,1361460,1089168.0,264600.0,272292.0,7692.0,294,1353768.0,20.0,0.56
826,a,4261018,3408814.4,427500.0,852203.6,424703.6,475,3836314.4,20.0,9.97
827,a,6540839,5232671.2,431100.0,1308167.8,877067.8,479,5663771.2,20.0,13.41
828,d,2530929,2050052.49,429300.0,480876.51,51576.51,477,2479352.49,19.0,2.04
829,c,2819891,2227713.89,430200.0,592177.11,161977.11,478,2657913.89,21.0,5.74
830,a,3043907,2435125.6,430200.0,608781.4,178581.4,478,2865325.6,20.0,5.87
831,a,6146093,4916874.4,429300.0,1229218.6,799918.6,477,5346174.4,20.0,13.02
832,d,3127809,2533525.29,430200.0,594283.71,164083.71,478,2963725.29,19.0,5.25
833,d,2638717,2137360.77,429300.0,501356.23,72056.23,477,2566660.77,19.0,2.73
834,a,2809656,2247724.8,432000.0,561931.2,129931.2,480,2679724.8,20.0,4.62
835,a,2510531,2008424.8,418500.0,502106.2,83606.2,465,2426924.8,20.0,3.33
836,a,2869584,2295667.2,430200.0,573916.8,143716.8,478,2725867.2,20.0,5.01
837,a,1894480,1515584.0,403200.0,378896.0,-24304.0,448,1918784.0,20.0,-1.28
838,d,4016545,3253401.45,431100.0,763143.55,332043.55,479,3684501.45,19.0,8.27
839,c,2381355,1881270.45,432000.0,500084.55,68084.55,480,2313270.45,21.0,2.86
840,a,3473954,2779163.2,432000.0,694790.8,262790.8,480,3211163.2,20.0,7.56
841,a,1386544,1109235.2,430200.0,277308.8,-152891.2,478,1539435.2,20.0,-11.03
842,d,5623878,4555341.18,264600.0,1068536.82,803936.82,294,4819941.18,19.0,14.3
843,c,4358945,3443566.55,432000.0,915378.45,483378.45,480,3875566.55,21.0,11.09
844,a,1995294,1596235.2,429300.0,399058.8,-30241.2,477,2025535.2,20.0,-1.52
845,d,2339284,1894820.04,427500.0,444463.96,16963.96,475,2322320.04,19.0,0.73
846,a,4483913,3587130.4,429300.0,896782.6,467482.6,477,4016430.4,20.0,10.43
847,c,3370879,2662994.41,427500.0,707884.59,280384.59,475,3090494.41,21.0,8.32
848,a,3225868,2580694.4,414900.0,645173.6,230273.6,461,2995594.4,20.0,7.14
849,c,4015124,3171947.96,432000.0,843176.04,411176.04,480,3603947.96,21.0,10.24
850,d,3015460,2442522.6,423000.0,572937.4,149937.4,470,2865522.6,19.0,4.97
851,d,1677929,1359122.49,264600.0,318806.51,54206.51,294,1623722.49,19.0,3.23
852,c,2179935,1722148.65,430200.0,457786.35,27586.35,478,2152348.65,21.0,1.27
853,a,4479385,3583508.0,427500.0,895877.0,468377.0,475,4011008.0,20.0,10.46
854,c,3082559,2435221.61,430200.0,647337.39,217137.39,478,2865421.61,21.0,7.04
855,a,2806950,2245560.0,427500.0,561390.0,133890.0,475,2673060.0,20.0,4.77
856,a,3387447,2709957.6,432000.0,677489.4,245489.4,480,3141957.6,20.0,7.25
857,c,3741119,2955484.01,430200.0,785634.99,355434.99,478,3385684.01,21.0,9.5
858,a,1420742,1136593.6,264600.0,284148.4,19548.4,294,1401193.6,20.0,1.38
859,c,2261379,1786489.41,264600.0,474889.59,210289.59,294,2051089.41,21.0,9.3
860,c,2921458,2307951.82,430200.0,613506.18,183306.18,478,2738151.82,21.0,6.27
861,c,1772704,1400436.16,427500.0,372267.84,-55232.16,475,1827936.16,21.0,-3.12
862,a,4036812,3229449.6,432000.0,807362.4,375362.4,480,3661449.6,20.0,9.3
863,a,4214811,3371848.8,490500.0,842962.2,352462.2,545,3862348.8,20.0,8.36
864,a,2036546,1629236.8,427500.0,407309.2,-20190.8,475,2056736.8,20.0,-0.99
865,d,3742125,3031121.25,429300.0,711003.75,281703.75,477,3460421.25,19.0,7.53
866,d,3386908,2743395.48,430200.0,643512.52,213312.52,478,3173595.48,19.0,6.3
867,d,2368829,1918751.49,486000.0,450077.51,-35922.49,540,2404751.49,19.0,-1.52
868,d,4553126,3688032.06,430200.0,865093.94,434893.94,478,4118232.06,19.0,9.55
869,c,2862754,2261575.66,430200.0,601178.34,170978.34,478,2691775.66,21.0,5.97
870,a,3284841,2627872.8,421200.0,656968.2,235768.2,468,3049072.8,20.0,7.18
871,d,3181144,2576726.64,430200.0,604417.36,174217.36,478,3006926.64,19.0,5.48
872,a,3985582,3188465.6,429300.0,797116.4,367816.4,477,3617765.6,20.0,9.23
873,a,1841547,1473237.6,430200.0,368309.4,-61890.6,478,1903437.6,20.0,-3.36
874,a,2276750,1821400.0,432000.0,455350.0,23350.0,480,2253400.0,20.0,1.03
875,d,2372684,1921874.04,429300.0,450809.96,21509.96,477,2351174.04,19.0,0.91
876,a,4386655,3509324.0,416700.0,877331.0,460631.0,463,3926024.0,20.0,10.5
877,a,3125013,2500010.4,442800.0,625002.6,182202.6,492,2942810.4,20.0,5.83
878,d,4234535,3429973.35,429300.0,804561.65,375261.65,477,3859273.35,19.0,8.86
879,d,1128447,914042.07,264600.0,214404.93,-50195.07,294,1178642.07,19.0,-4.45
880,a,3686423,2949138.4,427500.0,737284.6,309784.6,475,3376638.4,20.0,8.4
881,a,2043229,1634583.2,429300.0,408645.8,-20654.2,477,2063883.2,20.0,-1.01
882,a,2947886,2358308.8,419400.0,589577.2,170177.2,466,2777708.8,20.0,5.77
883,a,2273564,1818851.2,429300.0,454712.8,25412.8,477,2248151.2,20.0,1.12
884,d,1725757,1397863.17,264600.0,327893.83,63293.83,294,1662463.17,19.0,3.67
885,a,2856849,2285479.2,427500.0,571369.8,143869.8,475,2712979.2,20.0,5.04
886,a,3147725,2518180.0,429300.0,629545.0,200245.0,477,2947480.0,20.0,6.36
887,d,3243457,2627200.17,421200.0,616256.83,195056.83,468,3048400.17,19.0,6.01
888,d,4045917,3277192.77,432000.0,768724.23,336724.23,480,3709192.77,19.0,8.32
889,d,2004727,1623828.87,429300.0,380898.13,-48401.87,477,2053128.87,19.0,-2.41
890,a,1748446,1398756.8,264600.0,349689.2,85089.2,294,1663356.8,20.0,4.87
891,a,3779277,3023421.6,427500.0,755855.4,328355.4,475,3450921.6,20.0,8.69
892,a,3639349,2911479.2,430200.0,727869.8,297669.8,478,3341679.2,20.0,8.18
893,a,1890594,1512475.2,264600.0,378118.8,113518.8,294,1777075.2,20.0,6.0
894,a,4006737,3205389.6,429300.0,801347.4,372047.4,477,3634689.6,20.0,9.29
895,a,4567255,3653804.0,427500.0,913451.0,485951.0,475,4081304.0,20.0,10.64
896,a,3338718,2670974.4,432000.0,667743.6,235743.6,480,3102974.4,20.0,7.06
897,c,1606528,1269157.12,429300.0,337370.88,-91929.12,477,1698457.12,21.0,-5.72
898,a,3177635,2542108.0,431100.0,635527.0,204427.0,479,2973208.0,20.0,6.43
899,d,2532440,2051276.4,430200.0,481163.6,50963.6,478,2481476.4,19.0,2.01
900,a,1777536,1422028.8,264600.0,355507.2,90907.2,294,1686628.8,20.0,5.11
901,a,3453072,2762457.6,432000.0,690614.4,258614.4,480,3194457.6,20.0,7.49
902,a,1400934,1120747.2,264600.0,280186.8,15586.8,294,1385347.2,20.0,1.11
903,d,3487452,2824836.12,264600.0,662615.88,398015.88,294,3089436.12,19.0,11.41
904,d,1739590,1409067.9,264600.0,330522.1,65922.1,294,1673667.9,19.0,3.79
905,a,3546982,2837585.6,429300.0,709396.4,280096.4,477,3266885.6,20.0,7.9
906,a,5099224,4079379.2,430200.0,1019844.8,589644.8,478,4509579.2,20.0,11.56
907,a,3156130,2524904.0,429300.0,631226.0,201926.0,477,2954204.0,20.0,6.4
908,a,1981266,1585012.8,430200.0,396253.2,-33946.8,478,2015212.8,20.0,-1.71
909,a,3237182,2589745.6,264600.0,647436.4,382836.4,294,2854345.6,20.0,11.83
910,d,2774856,2247633.36,429300.0,527222.64,97922.64,477,2676933.36,19.0,3.53
911,a,4787767,3830213.6,432000.0,957553.4,525553.4,480,4262213.6,20.0,10.98
912,c,2776548,2193472.92,432000.0,583075.08,151075.08,480,2625472.92,21.0,5.44
913,a,4148902,3319121.6,427500.0,829780.4,402280.4,475,3746621.6,20.0,9.7
914,c,4599578,3633666.62,432000.0,965911.38,533911.38,480,4065666.62,21.0,11.61
915,d,1887700,1529037.0,264600.0,358663.0,94063.0,294,1793637.0,19.0,4.98
916,a,2596506,2077204.8,427500.0,519301.2,91801.2,475,2504704.8,20.0,3.54
917,a,3183534,2546827.2,429300.0,636706.8,207406.8,477,2976127.2,20.0,6.51
918,a,2515537,2012429.6,430200.0,503107.4,72907.4,478,2442629.6,20.0,2.9
919,a,1629359,1303487.2,264600.0,325871.8,61271.8,294,1568087.2,20.0,3.76
920,a,1814382,1451505.6,264600.0,362876.4,98276.4,294,1716105.6,20.0,5.42
921,a,4358243,3486594.4,430200.0,871648.6,441448.6,478,3916794.4,20.0,10.13
922,d,3572610,2893814.1,425700.0,678795.9,253095.9,473,3319514.1,19.0,7.08
923,a,2566167,2052933.6,432000.0,513233.4,81233.4,480,2484933.6,20.0,3.17
924,a,2253293,1802634.4,429300.0,450658.6,21358.6,477,2231934.4,20.0,0.95
925,c,3235192,2555801.68,419400.0,679390.32,259990.32,466,2975201.68,21.0,8.04
926,d,3581058,2900656.98,429300.0,680401.02,251101.02,477,3329956.98,19.0,7.01
927,a,3128016,2502412.8,429300.0,625603.2,196303.2,477,2931712.8,20.0,6.28
928,d,3939507,3191000.67,429300.0,748506.33,319206.33,477,3620300.67,19.0,8.1
929,a,2817944,2254355.2,432000.0,563588.8,131588.8,480,2686355.2,20.0,4.67
930,a,3329706,2663764.8,429300.0,665941.2,236641.2,477,3093064.8,20.0,7.11
931,a,1942521,1554016.8,481500.0,388504.2,-92995.8,535,2035516.8,20.0,-4.79
932,a,2168710,1734968.0,264600.0,433742.0,169142.0,294,1999568.0,20.0,7.8
933,a,3534996,2827996.8,430200.0,706999.2,276799.2,478,3258196.8,20.0,7.83
934,a,3263180,2610544.0,429300.0,652636.0,223336.0,477,3039844.0,20.0,6.84
935,a,2758337,2206669.6,432000.0,551667.4,119667.4,480,2638669.6,20.0,4.34
936,a,3266956,2613564.8,429300.0,653391.2,224091.2,477,3042864.8,20.0,6.86
937,d,3534883,2863255.23,430200.0,671627.77,241427.77,478,3293455.23,19.0,6.83
938,a,4538705,3630964.0,432000.0,907741.0,475741.0,480,4062964.0,20.0,10.48
939,d,2879968,2332774.08,429300.0,547193.92,117893.92,477,2762074.08,19.0,4.09
940,d,3577777,2897999.37,430200.0,679777.63,249577.63,478,3328199.37,19.0,6.98
941,a,1528623,1222898.4,264600.0,305724.6,41124.6,294,1487498.4,20.0,2.69
942,d,2988680,2420830.8,430200.0,567849.2,137649.2,478,2851030.8,19.0,4.61
943,d,3397000,2751570.0,429300.0,645430.0,216130.0,477,3180870.0,19.0,6.36
944,c,3704646,2926670.34,432000.0,777975.66,345975.66,480,3358670.34,21.0,9.34
945,a,2090216,1672172.8,432000.0,418043.2,-13956.8,480,2104172.8,20.0,-0.67
946,a,1983049,1586439.2,429300.0,396609.8,-32690.2,477,2015739.2,20.0,-1.65
947,a,3845911,3076728.8,422100.0,769182.2,347082.2,469,3498828.8,20.0,9.02
948,b,4345690,3606922.7,519300.0,738767.3,219467.3,577,4126222.7,17.0,5.05
949,a,2576076,2060860.8,432000.0,515215.2,83215.2,480,2492860.8,20.0,3.23
950,a,2691908,2153526.4,426600.0,538381.6,111781.6,474,2580126.4,20.0,4.15
951,d,3849057,3117736.17,429300.0,731320.83,302020.83,477,3547036.17,19.0,7.85
952,d,1873473,1517513.13,264600.0,355959.87,91359.87,294,1782113.13,19.0,4.88
953,a,2587301,2069840.8,431100.0,517460.2,86360.2,479,2500940.8,20.0,3.34
954,a,3388154,2710523.2,429300.0,677630.8,248330.8,477,3139823.2,20.0,7.33
955,d,2436460,1973532.6,429300.0,462927.4,33627.4,477,2402832.6,19.0,1.38
956,a,1717226,1373780.8,427500.0,343445.2,-84054.8,475,1801280.8,20.0,-4.89
957,d,3876475,3139944.75,432000.0,736530.25,304530.25,480,3571944.75,19.0,7.86
958,a,1900735,1520588.0,432000.0,380147.0,-51853.0,480,1952588.0,20.0,-2.73
959,a,3399263,2719410.4,432000.0,679852.6,247852.6,480,3151410.4,20.0,7.29
960,d,3285832,2661523.92,430200.0,624308.08,194108.08,478,3091723.92,19.0,5.91
961,d,3146993,2549064.33,429300.0,597928.67,168628.67,477,2978364.33,19.0,5.36
962,c,3221878,2545283.62,417600.0,676594.38,258994.38,464,2962883.62,21.0,8.04
963,a,5194330,4155464.0,429300.0,1038866.0,609566.0,477,4584764.0,20.0,11.74
964,a,4636578,3709262.4,427500.0,927315.6,499815.6,475,4136762.4,20.0,10.78
965,a,4066291,3253032.8,430200.0,813258.2,383058.2,478,3683232.8,20.0,9.42
966,a,2334216,1867372.8,429300.0,466843.2,37543.2,477,2296672.8,20.0,1.61
967,a,3925787,3140629.6,429300.0,785157.4,355857.4,477,3569929.6,20.0,9.06
968,c,3520719,2781368.01,430200.0,739350.99,309150.99,478,3211568.01,21.0,8.78
969,a,1771266,1417012.8,427500.0,354253.2,-73246.8,475,1844512.8,20.0,-4.14
970,a,1549527,1239621.6,430200.0,309905.4,-120294.6,478,1669821.6,20.0,-7.76
971,c,3954488,3124045.52,422100.0,830442.48,408342.48,469,3546145.52,21.0,10.33
972,a,1207318,965854.4,316800.0,241463.6,-75336.4,352,1282654.4,20.0,-6.24
973,d,3371456,2730879.36,429300.0,640576.64,211276.64,477,3160179.36,19.0,6.27
974,a,3464310,2771448.0,264600.0,692862.0,428262.0,294,3036048.0,20.0,12.36
975,a,3621795,2897436.0,429300.0,724359.0,295059.0,477,3326736.0,20.0,8.15
976,a,3380952,2704761.6,429300.0,676190.4,246890.4,477,3134061.6,20.0,7.3
977,a,1368423,1094738.4,264600.0,273684.6,9084.6,294,1359338.4,20.0,0.66
978,c,3584618,2831848.22,430200.0,752769.78,322569.78,478,3262048.22,21.0,9.0
979,a,3104835,2483868.0,431100.0,620967.0,189867.0,479,2914968.0,20.0,6.12
980,a,3319556,2655644.8,429300.0,663911.2,234611.2,477,3084944.8,20.0,7.07
981,d,3522357,2853109.17,429300.0,669247.83,239947.83,477,3282409.17,19.0,6.81
982,d,3965542,3212089.02,430200.0,753452.98,323252.98,478,3642289.02,19.0,8.15
983,a,4354955,3483964.0,423000.0,870991.0,447991.0,470,3906964.0,20.0,10.29
984,c,2957257,2336233.03,427500.0,621023.97,193523.97,475,2763733.03,21.0,6.54
985,c,3995031,3156074.49,427500.0,838956.51,411456.51,475,3583574.49,21.0,10.3
986,a,2607905,2086324.0,422100.0,521581.0,99481.0,469,2508424.0,20.0,3.81
987,c,3273723,2586241.17,432000.0,687481.83,255481.83,480,3018241.17,21.0,7.8
988,a,2228509,1782807.2,432000.0,445701.8,13701.8,480,2214807.2,20.0,0.61
989,a,1548873,1239098.4,264600.0,309774.6,45174.6,294,1503698.4,20.0,2.92
990,d,3093717,2505910.77,430200.0,587806.23,157606.23,478,2936110.77,19.0,5.09
991,a,2778171,2222536.8,429300.0,555634.2,126334.2,477,2651836.8,20.0,4.55
992,a,2684527,2147621.6,429300.0,536905.4,107605.4,477,2576921.6,20.0,4.01
993,d,3628920,2939425.2,430200.0,689494.8,259294.8,478,3369625.2,19.0,7.15
994,a,2224098,1779278.4,429300.0,444819.6,15519.6,477,2208578.4,20.0,0.7
995,d,4574010,3704948.1,430200.0,869061.9,438861.9,478,4135148.1,19.0,9.59
996,c,3213472,2538642.88,430200.0,674829.12,244629.12,478,2968842.88,21.0,7.61
997,d,2427119,1965966.39,430200.0,461152.61,30952.61,478,2396166.39,19.0,1.28
998,a,2082846,1666276.8,427500.0,416569.2,-10930.8,475,2093776.8,20.0,-0.52
999,d,4403173,3566570.13,430200.0,836602.87,406402.87,478,3996770.13,19.0,9.23
1000,a,2101237,1680989.6,264600.0,420247.4,155647.4,294,1945589.6,20.0,7.41
1001,c,2659992,2101393.68,431100.0,558598.32,127498.32,479,2532493.68,21.0,4.79
1002,d,3036742,2459761.02,432000.0,576980.98,144980.98,480,2891761.02,19.0,4.77
1003,a,3411765,2729412.0,429300.0,682353.0,253053.0,477,3158712.0,20.0,7.42
1004,d,1555822,1260215.82,264600.0,295606.18,31006.18,294,1524815.82,19.0,1.99
1005,a,2963870,2371096.0,429300.0,592774.0,163474.0,477,2800396.0,20.0,5.52
1006,c,3196112,2524928.48,429300.0,671183.52,241883.52,477,2954228.48,21.0,7.57
1007,c,3459990,2733392.1,432000.0,726597.9,294597.9,480,3165392.1,21.0,8.51
1008,a,2619131,2095304.8,432000.0,523826.2,91826.2,480,2527304.8,20.0,3.51
1009,a,1410172,1128137.6,264600.0,282034.4,17434.4,294,1392737.6,20.0,1.24
1010,d,4409842,3571972.02,432000.0,837869.98,405869.98,480,4003972.02,19.0,9.2
1011,a,3830854,3064683.2,429300.0,766170.8,336870.8,477,3493983.2,20.0,8.79
1012,d,1808000,1464480.0,264600.0,343520.0,78920.0,294,1729080.0,19.0,4.37
1013,a,1913824,1531059.2,429300.0,382764.8,-46535.2,477,1960359.2,20.0,-2.43
1014,a,5867876,4694300.8,429300.0,1173575.2,744275.2,477,5123600.8,20.0,12.68
1015,d,2943641,2384349.21,429300.0,559291.79,129991.79,477,2813649.21,19.0,4.42
1016,c,2641005,2086393.95,429300.0,554611.05,125311.05,477,2515693.95,21.0,4.74
1017,c,3299079,2606272.41,418500.0,692806.59,274306.59,465,3024772.41,21.0,8.31
1018,c,5581127,4409090.33,430200.0,1172036.67,741836.67,478,4839290.33,21.0,13.29
1019,d,2713142,2197645.02,264600.0,515496.98,250896.98,294,2462245.02,19.0,9.25
1020,a,4236057,3388845.6,430200.0,847211.4,417011.4,478,3819045.6,20.0,9.84
1021,a,4216661,3373328.8,419400.0,843332.2,423932.2,466,3792728.8,20.0,10.05
1022,a,3614901,2891920.8,429300.0,722980.2,293680.2,477,3321220.8,20.0,8.12
1023,c,2832165,2237410.35,430200.0,594754.65,164554.65,478,2667610.35,21.0,5.81
1024,c,2954728,2334235.12,432000.0,620492.88,188492.88,480,2766235.12,21.0,6.38
1025,a,3499422,2799537.6,427500.0,699884.4,272384.4,475,3227037.6,20.0,7.78
1026,c,4539924,3586539.96,429300.0,953384.04,524084.04,477,4015839.96,21.0,11.54
1027,a,3877045,3101636.0,264600.0,775409.0,510809.0,294,3366236.0,20.0,13.18
1028,a,2370036,1896028.8,429300.0,474007.2,44707.2,477,2325328.8,20.0,1.89
1029,a,2623312,2098649.6,429300.0,524662.4,95362.4,477,2527949.6,20.0,3.64
1030,a,1710626,1368500.8,429300.0,342125.2,-87174.8,477,1797800.8,20.0,-5.1
1031,d,2339703,1895159.43,429300.0,444543.57,15243.57,477,2324459.43,19.0,0.65
1032,d,4382270,3549638.7,429300.0,832631.3,403331.3,477,3978938.7,19.0,9.2
1033,a,6650255,5320204.0,432000.0,1330051.0,898051.0,480,5752204.0,20.0,13.5
1034,a,3142588,2514070.4,430200.0,628517.6,198317.6,478,2944270.4,20.0,6.31
1035,a,2310241,1848192.8,430200.0,462048.2,31848.2,478,2278392.8,20.0,1.38
1036,d,2450133,1984607.73,429300.0,465525.27,36225.27,477,2413907.73,19.0,1.48
1037,a,3267489,2613991.2,430200.0,653497.8,223297.8,478,3044191.2,20.0,6.83
1038,d,1677549,1358814.69,264600.0,318734.31,54134.31,294,1623414.69,19.0,3.23
1039,a,4052286,3241828.8,429300.0,810457.2,381157.2,477,3671128.8,20.0,9.41
1040,a,4233734,3386987.2,429300.0,846746.8,417446.8,477,3816287.2,20.0,9.86
1041,c,1782809,1408419.11,264600.0,374389.89,109789.89,294,1673019.11,21.0,6.16
1042,a,1998437,1598749.6,429300.0,399687.4,-29612.6,477,2028049.6,20.0,-1.48
1043,c,4092026,3232700.54,429300.0,859325.46,430025.46,477,3662000.54,21.0,10.51
1044,c,3142795,2482808.05,427500.0,659986.95,232486.95,475,2910308.05,21.0,7.4
1045,a,4072392,3257913.6,485100.0,814478.4,329378.4,539,3743013.6,20.0,8.09
1046,d,4272988,3461120.28,429300.0,811867.72,382567.72,477,3890420.28,19.0,8.95
1047,a,2339880,1871904.0,427500.0,467976.0,40476.0,475,2299404.0,20.0,1.73
1048,d,3434397,2781861.57,431100.0,652535.43,221435.43,479,3212961.57,19.0,6.45
1049,a,1173928,939142.4,264600.0,234785.6,-29814.4,294,1203742.4,20.0,-2.54
1050,d,3579132,2899096.92,430200.0,680035.08,249835.08,478,3329296.92,19.0,6.98
1051,c,3618575,2858674.25,417600.0,759900.75,342300.75,464,3276274.25,21.0,9.46
1052,a,3497481,2797984.8,429300.0,699496.2,270196.2,477,3227284.8,20.0,7.73
1053,a,4317257,3453805.6,432000.0,863451.4,431451.4,480,3885805.6,20.0,9.99
1054,a,2961158,2368926.4,432000.0,592231.6,160231.6,480,2800926.4,20.0,5.41
1055,c,3788731,2993097.49,431100.0,795633.51,364533.51,479,3424197.49,21.0,9.62
1056,d,1281782,1038243.42,264600.0,243538.58,-21061.42,294,1302843.42,19.0,-1.64
1057,d,3100368,2511298.08,432000.0,589069.92,157069.92,480,2943298.08,19.0,5.07
1058,a,3507317,2805853.6,429300.0,701463.4,272163.4,477,3235153.6,20.0,7.76
1059,c,4120125,3254898.75,432000.0,865226.25,433226.25,480,3686898.75,21.0,10.51
1060,a,3558170,2846536.0,429300.0,711634.0,282334.0,477,3275836.0,20.0,7.93
1061,d,3745149,3033570.69,427500.0,711578.31,284078.31,475,3461070.69,19.0,7.59
1062,d,3035474,2458733.94,429300.0,576740.06,147440.06,477,2888033.94,19.0,4.86
1063,a,2114698,1691758.4,432000.0,422939.6,-9060.4,480,2123758.4,20.0,-0.43
1064,a,4615603,3692482.4,429300.0,923120.6,493820.6,477,4121782.4,20.0,10.7
1065,a,1248777,999021.6,264600.0,249755.4,-14844.6,294,1263621.6,20.0,-1.19
1066,a,5302198,4241758.4,429300.0,1060439.6,631139.6,477,4671058.4,20.0,11.9
1067,d,1761678,1426959.18,264600.0,334718.82,70118.82,294,1691559.18,19.0,3.98
1068,d,2192139,1775632.59,427500.0,416506.41,-10993.59,475,2203132.59,19.0,-0.5
1069,a,3052580,2442064.0,431100.0,610516.0,179416.0,479,2873164.0,20.0,5.88
1070,c,3433111,2712157.69,432000.0,720953.31,288953.31,480,3144157.69,21.0,8.42
1071,a,2922244,2337795.2,432000.0,584448.8,152448.8,480,2769795.2,20.0,5.22
1072,a,3316990,2653592.0,429300.0,663398.0,234098.0,477,3082892.0,20.0,7.06
1073,a,3630020,2904016.0,429300.0,726004.0,296704.0,477,3333316.0,20.0,8.17
1074,c,2520595,1991270.05,430200.0,529324.95,99124.95,478,2421470.05,21.0,3.93
1075,a,5479683,4383746.4,432000.0,1095936.6,663936.6,480,4815746.4,20.0,12.12
1076,a,1836887,1469509.6,429300.0,367377.4,-61922.6,477,1898809.6,20.0,-3.37
1077,a,2170789,1736631.2,429300.0,434157.8,4857.8,477,2165931.2,20.0,0.22
1078,d,3451637,2795825.97,427500.0,655811.03,228311.03,475,3223325.97,19.0,6.61
1079,a,4089763,3271810.4,430200.0,817952.6,387752.6,478,3702010.4,20.0,9.48
1080,a,3035552,2428441.6,264600.0,607110.4,342510.4,294,2693041.6,20.0,11.28
1081,b,2344045,1945557.35,356400.0,398487.65,42087.65,396,2301957.35,17.0,1.8
1082,c,3316548,2620072.92,430200.0,696475.08,266275.08,478,3050272.92,21.0,8.03
1083,d,2645202,2142613.62,430200.0,502588.38,72388.38,478,2572813.62,19.0,2.74
1084,a,2994938,2395950.4,431100.0,598987.6,167887.6,479,2827050.4,20.0,5.61
1085,c,3578451,2826976.29,432000.0,751474.71,319474.71,480,3258976.29,21.0,8.93
1086,a,3136606,2509284.8,430200.0,627321.2,197121.2,478,2939484.8,20.0,6.28
1087,d,3067600,2484756.0,432000.0,582844.0,150844.0,480,2916756.0,19.0,4.92
1088,a,2494819,1995855.2,429300.0,498963.8,69663.8,477,2425155.2,20.0,2.79
1089,d,4915282,3981378.42,429300.0,933903.58,504603.58,477,4410678.42,19.0,10.27
1090,a,3129799,2503839.2,430200.0,625959.8,195759.8,478,2934039.2,20.0,6.25
1091,a,4049450,3239560.0,432000.0,809890.0,377890.0,480,3671560.0,20.0,9.33
1092,a,3579931,2863944.8,264600.0,715986.2,451386.2,294,3128544.8,20.0,12.61
1093,c,4023548,3178602.92,430200.0,844945.08,414745.08,478,3608802.92,21.0,10.31
1094,d,1388874,1124987.94,264600.0,263886.06,-713.94,294,1389587.94,19.0,-0.05
1095,a,2309688,1847750.4,431100.0,461937.6,30837.6,479,2278850.4,20.0,1.34
1096,a,2804608,2243686.4,429300.0,560921.6,131621.6,477,2672986.4,20.0,4.69
1097,b,5849455,4855047.65,519300.0,994407.35,475107.35,577,5374347.65,17.0,8.12
1098,a,2537831,2030264.8,430200.0,507566.2,77366.2,478,2460464.8,20.0,3.05
1099,a,4162445,3329956.0,492300.0,832489.0,340189.0,547,3822256.0,20.0,8.17
1100,a,2471609,1977287.2,420300.0,494321.8,74021.8,467,2397587.2,20.0,2.99
1101,d,4882532,3954850.92,432000.0,927681.08,495681.08,480,4386850.92,19.0,10.15
1102,a,2077026,1661620.8,264600.0,415405.2,150805.2,294,1926220.8,20.0,7.26
1103,d,2588901,2097009.81,430200.0,491891.19,61691.19,478,2527209.81,19.0,2.38
1104,d,1603024,1298449.44,264600.0,304574.56,39974.56,294,1563049.44,19.0,2.49
1105,c,2388558,1886960.82,429300.0,501597.18,72297.18,477,2316260.82,21.0,3.03
1106,a,2387764,1910211.2,432000.0,477552.8,45552.8,480,2342211.2,20.0,1.91
1107,a,1880502,1504401.6,264600.0,376100.4,111500.4,294,1769001.6,20.0,5.93
1108,a,2804460,2243568.0,430200.0,560892.0,130692.0,478,2673768.0,20.0,4.66
1109,c,1455603,1149926.37,264600.0,305676.63,41076.63,294,1414526.37,21.0,2.82
1110,c,2246422,1774673.38,431100.0,471748.62,40648.62,479,2205773.38,21.0,1.81
1111,a,2445899,1956719.2,429300.0,489179.8,59879.8,477,2386019.2,20.0,2.45
1112,c,4540664,3587124.56,429300.0,953539.44,524239.44,477,4016424.56,21.0,11.55
1113,a,3207378,2565902.4,432000.0,641475.6,209475.6,480,2997902.4,20.0,6.53
1114,a,10037044,8029635.2,432000.0,2007408.8,1575408.8,480,8461635.2,20.0,15.7
1115,d,3227506,2614279.86,430200.0,613226.14,183026.14,478,3044479.86,19.0,5.67
