autor,category,artikel
Andy McDonald,Entertainment,1046
Andy McDonald,Essen,3
Andy McDonald,Gesellschaft,21
Andy McDonald,Kunst,5
Andy McDonald,Politik,9
Andy McDonald,Sport,15
Andy McDonald,US News,1
Andy McDonald,Umwelt,7
Andy McDonald,Welt,2
Bill Bradley,Entertainment,1006
Bill Bradley,Sport,3
Carly Ledbetter,Entertainment,780
Carly Ledbetter,Essen,112
Carly Ledbetter,Familie,8
Carly Ledbetter,Gesellschaft,2
Carly Ledbetter,Gesundheit,5
Carly Ledbetter,Kunst,1
Carly Ledbetter,Politik,4
Carly Ledbetter,Reisen,93
Carly Ledbetter,Sport,6
Carly Ledbetter,Style & Beauty,157
Carly Ledbetter,US News,1
Carly Ledbetter,Umwelt,1
Carly Ledbetter,Welt,9
Carly Ledbetter,Wirtschaft,1
Carly Ledbetter,Wohnen,1
Caroline Bologna,Entertainment,1
Caroline Bologna,Essen,9
Caroline Bologna,Familie,792
Caroline Bologna,Gesellschaft,27
Caroline Bologna,Gesundheit,10
Caroline Bologna,Kunst,1
Caroline Bologna,Politik,1
Caroline Bologna,Reisen,14
Caroline Bologna,Religion,1
Caroline Bologna,Sport,1
Caroline Bologna,Style & Beauty,6
Caroline Bologna,Umwelt,1
Caroline Bologna,Wirtschaft,2
Caroline Bologna,Wohnen,25
Cole Delbyck,Entertainment,1261
Cole Delbyck,Gesellschaft,1
Cole Delbyck,Kunst,4
Cole Delbyck,Sport,2
Curtis M. Wong,Entertainment,138
Curtis M. Wong,Gesellschaft,979
Curtis M. Wong,Kunst,14
Curtis M. Wong,Politik,11
Curtis M. Wong,Reisen,1
Curtis M. Wong,Sport,3
Curtis M. Wong,Style & Beauty,1
Curtis M. Wong,US News,1
Dana Oliver,Entertainment,1
Dana Oliver,Gesellschaft,2
Dana Oliver,Style & Beauty,952
Dana Oliver,Wohnen,1
David Moye,Entertainment,645
David Moye,Essen,9
David Moye,Familie,18
David Moye,Gesellschaft,88
David Moye,Kriminalität,98
David Moye,Kunst,6
David Moye,Politik,165
David Moye,Reisen,3
David Moye,Religion,4
David Moye,Sport,17
David Moye,Style & Beauty,3
David Moye,US News,8
David Moye,Umwelt,8
David Moye,Welt,8
David Moye,Wirtschaft,2
Dominique Mosbergen,Bildung,5
Dominique Mosbergen,Entertainment,218
Dominique Mosbergen,Essen,3
Dominique Mosbergen,Familie,37
Dominique Mosbergen,Gesellschaft,38
Dominique Mosbergen,Gesundheit,24
Dominique Mosbergen,Kriminalität,35
Dominique Mosbergen,Kunst,8
Dominique Mosbergen,Politik,168
Dominique Mosbergen,Reisen,3
Dominique Mosbergen,Religion,7
Dominique Mosbergen,Sport,36
Dominique Mosbergen,Style & Beauty,8
Dominique Mosbergen,US News,71
Dominique Mosbergen,Umwelt,114
Dominique Mosbergen,Welt,150
Dominique Mosbergen,Wirtschaft,23
Ed Mazza,Bildung,2
Ed Mazza,Entertainment,944
Ed Mazza,Essen,4
Ed Mazza,Familie,12
Ed Mazza,Gesellschaft,24
Ed Mazza,Kriminalität,58
Ed Mazza,Kunst,6
Ed Mazza,Politik,348
Ed Mazza,Reisen,21
Ed Mazza,Religion,7
Ed Mazza,Sport,55
Ed Mazza,US News,4
Ed Mazza,Umwelt,70
Ed Mazza,Welt,18
Ed Mazza,Wirtschaft,21
Igor Bobic,Entertainment,15
Igor Bobic,Kriminalität,1
Igor Bobic,Politik,944
Igor Bobic,Sport,1
Igor Bobic,Wirtschaft,1
Julia Brucculieri,Entertainment,1036
Julia Brucculieri,Kunst,5
Julia Brucculieri,Style & Beauty,24
Lee Moran,Bildung,1
Lee Moran,Entertainment,1879
Lee Moran,Essen,12
Lee Moran,Familie,41
Lee Moran,Gesellschaft,81
Lee Moran,Kriminalität,95
Lee Moran,Kunst,43
Lee Moran,Politik,531
Lee Moran,Reisen,4
Lee Moran,Religion,8
Lee Moran,Sport,111
Lee Moran,Style & Beauty,3
Lee Moran,US News,29
Lee Moran,Umwelt,66
Lee Moran,Welt,53
Lee Moran,Wirtschaft,2
Mary Papenfuss,Bildung,1
Mary Papenfuss,Entertainment,285
Mary Papenfuss,Gesellschaft,24
Mary Papenfuss,Gesundheit,5
Mary Papenfuss,Kriminalität,77
Mary Papenfuss,Kunst,6
Mary Papenfuss,Politik,863
Mary Papenfuss,Religion,7
Mary Papenfuss,Sport,14
Mary Papenfuss,US News,68
Mary Papenfuss,Umwelt,128
Mary Papenfuss,Welt,72
Mary Papenfuss,Wirtschaft,25
Michelle Manetti,Style & Beauty,45
Michelle Manetti,Wohnen,838
Michelle Persad,Essen,4
Michelle Persad,Reisen,2
Michelle Persad,Style & Beauty,863
Michelle Persad,Wohnen,13
Nina Golgowski,Bildung,2
Nina Golgowski,Entertainment,244
Nina Golgowski,Essen,1
Nina Golgowski,Familie,21
Nina Golgowski,Gesellschaft,77
Nina Golgowski,Gesundheit,8
Nina Golgowski,Kriminalität,252
Nina Golgowski,Kunst,7
Nina Golgowski,Politik,146
Nina Golgowski,Reisen,11
Nina Golgowski,Religion,8
Nina Golgowski,Sport,31
Nina Golgowski,Style & Beauty,1
Nina Golgowski,US News,94
Nina Golgowski,Umwelt,62
Nina Golgowski,Welt,81
Nina Golgowski,Wirtschaft,13
Reuters,Bildung,1
Reuters,Entertainment,38
Reuters,Essen,1
Reuters,Familie,68
Reuters,Gesellschaft,57
Reuters,Gesundheit,645
Reuters,Kriminalität,46
Reuters,Kunst,1
Reuters,Reisen,56
Reuters,Sport,5
Reuters,Style & Beauty,6
Reuters,Umwelt,270
Reuters,Welt,6
Reuters,Wirtschaft,376
Reuters,Wohnen,2
Ron Dicker,Bildung,2
Ron Dicker,Entertainment,1385
Ron Dicker,Essen,15
Ron Dicker,Familie,58
Ron Dicker,Gesellschaft,78
Ron Dicker,Gesundheit,9
Ron Dicker,Kriminalität,46
Ron Dicker,Kunst,4
Ron Dicker,Politik,83
Ron Dicker,Reisen,9
Ron Dicker,Religion,6
Ron Dicker,Sport,421
Ron Dicker,Style & Beauty,10
Ron Dicker,US News,11
Ron Dicker,Umwelt,40
Ron Dicker,Welt,12
Ron Dicker,Wirtschaft,33
Sam Levine,Entertainment,14
Sam Levine,Gesellschaft,3
Sam Levine,Gesundheit,1
Sam Levine,Kriminalität,1
Sam Levine,Politik,912
Sam Levine,Sport,2
Sam Levine,Umwelt,1
Sam Levine,Welt,7
Sam Levine,Wirtschaft,2
