Store,StoreType,Assortment,CompetitionDistance,CompetitionOpenSinceMonth,CompetitionOpenSinceYear,Promo2,Promo2SinceWeek,Promo2SinceYear,PromoInterval
1,c,a,340.0,,,1,26.0,2013.0,"Jan,Apr,Jul,Oct"
2,a,a,1120.0,3.0,2006.0,0,,,
3,d,c,1960.0,,,1,14.0,2014.0,"Mar,Jun,Sept,Dec"
4,c,a,6500.0,2.0,2006.0,1,15.0,2011.0,"Mar,Jun,Sept,Dec"
5,a,c,1480.0,5.0,2005.0,1,18.0,2011.0,"Feb,May,Aug,Nov"
6,d,c,320.0,,,1,44.0,2015.0,"Feb,May,Aug,Nov"
7,c,a,18000.0,,,1,13.0,2015.0,"Feb,May,Aug,Nov"
8,c,c,,2.0,2015.0,1,15.0,2015.0,"Feb,May,Aug,Nov"
9,a,a,,10.0,2010.0,0,,,
10,a,a,14000.0,6.0,2002.0,0,,,
11,a,c,1340.0,11.0,2013.0,1,10.0,2011.0,"Mar,Jun,Sept,Dec"
12,d,a,,,,0,,,
13,b,c,1620.0,,,0,,,
14,c,c,460.0,9.0,2002.0,1,9.0,2012.0,"Mar,Jun,Sept,Dec"
15,a,c,,10.0,2005.0,0,,,
16,a,c,1060.0,2.0,2010.0,1,36.0,2011.0,"Feb,May,Aug,Nov"
17,b,a,,7.0,2015.0,1,10.0,2013.0,"Jan,Apr,Jul,Oct"
18,a,a,1220.0,1.0,2015.0,0,,,
19,c,c,,6.0,2014.0,1,9.0,2013.0,"Feb,May,Aug,Nov"
20,b,c,1780.0,10.0,2003.0,0,,,
21,c,a,1560.0,11.0,2001.0,1,5.0,2015.0,"Mar,Jun,Sept,Dec"
22,a,a,980.0,4.0,2014.0,1,25.0,2012.0,"Mar,Jun,Sept,Dec"
23,d,a,,5.0,2014.0,0,,,
24,d,a,220.0,,,0,,,
25,c,c,1560.0,5.0,2000.0,0,,,
26,a,a,1220.0,3.0,2010.0,0,,,
27,a,c,1800.0,4.0,2001.0,0,,,
28,a,c,860.0,5.0,2000.0,1,21.0,2011.0,"Feb,May,Aug,Nov"
29,a,c,7000.0,7.0,2014.0,0,,,
30,c,a,1280.0,12.0,2007.0,1,39.0,2013.0,"Mar,Jun,Sept,Dec"
31,c,a,640.0,7.0,2001.0,0,,,
32,d,c,660.0,,,1,39.0,2013.0,"Jan,Apr,Jul,Oct"
33,a,c,9500.0,8.0,2005.0,0,,,
34,a,a,880.0,10.0,2008.0,0,,,
35,a,c,1020.0,6.0,2014.0,1,39.0,2013.0,"Feb,May,Aug,Nov"
36,a,a,4000.0,,,0,,,
37,a,c,1100.0,,,1,42.0,2013.0,"Jan,Apr,Jul,Oct"
38,a,a,1300.0,11.0,2013.0,0,,,
39,a,a,820.0,11.0,2006.0,1,38.0,2013.0,"Jan,Apr,Jul,Oct"
40,b,b,1140.0,3.0,2015.0,1,11.0,2011.0,"Jan,Apr,Jul,Oct"
41,a,a,9500.0,,,1,19.0,2011.0,"Feb,May,Aug,Nov"
42,c,a,1780.0,4.0,2007.0,0,,,
43,c,a,,12.0,2014.0,0,,,
44,a,a,16000.0,1.0,2010.0,0,,,
45,c,c,60.0,3.0,2013.0,0,,,
46,c,a,1260.0,,,0,,,
47,a,c,960.0,7.0,2011.0,1,6.0,2011.0,"Mar,Jun,Sept,Dec"
48,a,c,1940.0,3.0,2003.0,1,29.0,2014.0,"Feb,May,Aug,Nov"
49,c,a,880.0,7.0,2006.0,1,24.0,2011.0,"Mar,Jun,Sept,Dec"
50,a,a,,9.0,2013.0,0,,,
51,a,c,1000.0,10.0,2009.0,0,,,
52,a,c,1740.0,2.0,2004.0,0,,,
53,c,b,420.0,,,0,,,
54,b,c,,2.0,2012.0,0,,,
55,c,a,,11.0,2002.0,0,,,
56,c,a,17500.0,8.0,2001.0,0,,,
57,a,c,1180.0,7.0,2012.0,1,36.0,2013.0,"Mar,Jun,Sept,Dec"
58,b,a,200.0,10.0,2004.0,0,,,
59,a,c,11000.0,8.0,2012.0,0,,,
60,a,a,1420.0,3.0,2008.0,0,,,
61,b,c,,,,0,,,
62,a,a,10000.0,9.0,2008.0,1,11.0,2012.0,"Feb,May,Aug,Nov"
63,b,a,1780.0,1.0,2013.0,0,,,
64,c,a,,8.0,2013.0,1,15.0,2012.0,"Feb,May,Aug,Nov"
65,b,a,18500.0,,,0,,,
66,b,c,1520.0,1.0,2015.0,0,,,
67,b,a,80.0,,,1,34.0,2011.0,"Mar,Jun,Sept,Dec"
68,a,a,320.0,,,0,,,
69,a,a,1480.0,5.0,2000.0,1,32.0,2012.0,"Jan,Apr,Jul,Oct"
70,a,a,1860.0,4.0,2004.0,0,,,
71,a,c,100.0,8.0,2000.0,1,24.0,2011.0,"Jan,Apr,Jul,Oct"
72,a,a,420.0,5.0,2005.0,0,,,
73,d,c,10500.0,6.0,2015.0,0,,,
74,a,a,14500.0,10.0,2007.0,1,1.0,2011.0,"Jan,Apr,Jul,Oct"
75,a,c,100.0,2.0,2000.0,0,,,
76,a,a,1680.0,5.0,2007.0,0,,,
77,a,a,280.0,1.0,2003.0,1,52.0,2011.0,"Mar,Jun,Sept,Dec"
78,b,c,12000.0,12.0,2013.0,1,21.0,2014.0,"Feb,May,Aug,Nov"
79,b,c,,3.0,2001.0,1,23.0,2011.0,"Mar,Jun,Sept,Dec"
80,c,c,,10.0,2012.0,1,30.0,2013.0,"Mar,Jun,Sept,Dec"
81,b,a,1980.0,,,1,21.0,2014.0,"Jan,Apr,Jul,Oct"
82,a,a,4000.0,4.0,2000.0,1,41.0,2015.0,"Jan,Apr,Jul,Oct"
83,c,c,,8.0,2010.0,1,23.0,2013.0,"Feb,May,Aug,Nov"
84,a,a,3000.0,10.0,2007.0,0,,,
85,a,c,1480.0,3.0,2012.0,0,,,
86,a,c,14500.0,3.0,2009.0,1,12.0,2015.0,"Jan,Apr,Jul,Oct"
87,c,c,1960.0,11.0,2012.0,1,52.0,2012.0,"Feb,May,Aug,Nov"
88,a,c,,4.0,2007.0,0,,,
89,a,c,1740.0,3.0,2000.0,0,,,
90,a,a,,9.0,2002.0,0,,,
91,a,a,160.0,2.0,2007.0,0,,,
92,c,c,140.0,11.0,2006.0,1,51.0,2015.0,"Mar,Jun,Sept,Dec"
93,a,a,340.0,11.0,2012.0,0,,,
94,a,a,1840.0,11.0,2006.0,1,52.0,2011.0,"Feb,May,Aug,Nov"
95,a,a,10500.0,4.0,2013.0,1,23.0,2015.0,"Feb,May,Aug,Nov"
96,b,c,720.0,2.0,2003.0,1,2.0,2013.0,"Feb,May,Aug,Nov"
97,a,c,520.0,6.0,2006.0,0,,,
98,a,c,,5.0,2012.0,1,51.0,2014.0,"Feb,May,Aug,Nov"
99,a,a,14000.0,12.0,2001.0,1,28.0,2012.0,"Mar,Jun,Sept,Dec"
100,d,a,5500.0,,,1,21.0,2012.0,"Jan,Apr,Jul,Oct"
101,d,a,1620.0,12.0,2012.0,0,,,
102,c,a,1400.0,10.0,2009.0,0,,,
103,a,c,80.0,9.0,2012.0,1,35.0,2011.0,"Mar,Jun,Sept,Dec"
104,d,c,640.0,,,0,,,
105,c,a,,1.0,2013.0,0,,,
106,c,a,1120.0,1.0,2014.0,1,5.0,2011.0,"Jan,Apr,Jul,Oct"
107,a,a,10500.0,,,1,38.0,2014.0,"Feb,May,Aug,Nov"
108,a,c,10500.0,3.0,2001.0,0,,,
109,a,c,1040.0,,,0,,,
110,d,a,680.0,2.0,2001.0,0,,,
111,a,c,9500.0,12.0,2003.0,1,14.0,2012.0,"Mar,Jun,Sept,Dec"
112,a,a,320.0,9.0,2004.0,1,37.0,2011.0,"Mar,Jun,Sept,Dec"
113,a,a,1640.0,2.0,2010.0,0,,,
114,b,c,,,,0,,,
115,a,a,11000.0,5.0,2013.0,0,,,
116,d,a,15500.0,,,0,,,
117,c,c,280.0,4.0,2009.0,1,44.0,2014.0,"Feb,May,Aug,Nov"
118,c,a,660.0,7.0,2012.0,0,,,
119,a,c,920.0,,,0,,,
120,b,a,980.0,2.0,2003.0,0,,,
121,b,a,660.0,,,0,,,
122,b,a,,12.0,2001.0,1,28.0,2011.0,"Mar,Jun,Sept,Dec"
123,a,a,560.0,4.0,2008.0,1,26.0,2013.0,"Jan,Apr,Jul,Oct"
124,a,a,10500.0,12.0,2006.0,1,41.0,2012.0,"Jan,Apr,Jul,Oct"
125,a,a,1940.0,5.0,2015.0,0,,,
126,a,c,2500.0,5.0,2012.0,1,6.0,2014.0,"Jan,Apr,Jul,Oct"
127,a,a,720.0,2.0,2014.0,0,,,
128,a,a,1020.0,6.0,2013.0,1,25.0,2015.0,"Feb,May,Aug,Nov"
129,a,a,2500.0,6.0,2006.0,1,41.0,2013.0,"Jan,Apr,Jul,Oct"
130,b,a,1000.0,,,0,,,
131,a,a,9500.0,2.0,2000.0,1,8.0,2015.0,"Feb,May,Aug,Nov"
132,d,c,140.0,3.0,2008.0,0,,,
133,b,a,260.0,,,1,24.0,2012.0,"Feb,May,Aug,Nov"
134,a,c,12500.0,1.0,2011.0,0,,,
135,b,c,3000.0,2.0,2015.0,0,,,
136,a,a,160.0,8.0,2010.0,0,,,
137,d,a,,12.0,2013.0,0,,,
138,a,a,20.0,7.0,2003.0,0,,,
139,c,c,,2.0,2015.0,0,,,
140,a,a,12500.0,12.0,2008.0,1,17.0,2012.0,"Jan,Apr,Jul,Oct"
141,a,c,,7.0,2010.0,0,,,
142,a,c,,9.0,2012.0,0,,,
143,d,c,1040.0,3.0,2010.0,1,10.0,2012.0,"Feb,May,Aug,Nov"
144,b,a,14500.0,7.0,2005.0,1,16.0,2013.0,"Mar,Jun,Sept,Dec"
145,a,c,700.0,1.0,2009.0,0,,,
146,a,a,1560.0,,,0,,,
147,a,a,800.0,3.0,2013.0,1,36.0,2015.0,"Jan,Apr,Jul,Oct"
148,a,a,1620.0,11.0,2007.0,1,21.0,2014.0,"Mar,Jun,Sept,Dec"
149,a,c,,1.0,2008.0,0,,,
150,a,c,1440.0,8.0,2008.0,1,5.0,2012.0,"Feb,May,Aug,Nov"
151,c,c,320.0,2.0,2001.0,0,,,
152,d,a,1080.0,9.0,2001.0,0,,,
153,a,c,17000.0,,,1,2.0,2011.0,"Mar,Jun,Sept,Dec"
154,b,a,1740.0,12.0,2010.0,1,8.0,2015.0,"Mar,Jun,Sept,Dec"
155,a,a,1860.0,,,1,44.0,2012.0,"Mar,Jun,Sept,Dec"
156,b,c,1440.0,5.0,2013.0,0,,,
157,a,a,980.0,2.0,2011.0,0,,,
158,b,a,1980.0,8.0,2002.0,0,,,
159,c,c,4500.0,6.0,2001.0,0,,,
160,c,a,,,,0,,,
161,a,a,3000.0,,,0,,,
162,d,a,,,,1,33.0,2012.0,"Jan,Apr,Jul,Oct"
163,a,a,,3.0,2002.0,1,32.0,2011.0,"Jan,Apr,Jul,Oct"
164,a,c,260.0,,,0,,,
165,b,c,1300.0,5.0,2006.0,0,,,
166,a,a,1280.0,,,1,15.0,2013.0,"Feb,May,Aug,Nov"
167,c,a,20.0,1.0,2010.0,0,,,
168,c,a,600.0,6.0,2007.0,1,35.0,2015.0,"Jan,Apr,Jul,Oct"
169,a,c,15000.0,3.0,2002.0,0,,,
170,d,c,1180.0,2.0,2005.0,1,19.0,2013.0,"Feb,May,Aug,Nov"
171,a,c,500.0,6.0,2008.0,1,37.0,2013.0,"Feb,May,Aug,Nov"
172,a,a,960.0,,,1,20.0,2012.0,"Jan,Apr,Jul,Oct"
173,a,a,920.0,,,1,11.0,2015.0,"Feb,May,Aug,Nov"
174,d,a,580.0,,,1,29.0,2012.0,"Feb,May,Aug,Nov"
175,a,c,340.0,12.0,2003.0,0,,,
176,a,a,15500.0,11.0,2004.0,1,22.0,2013.0,"Mar,Jun,Sept,Dec"
177,a,c,,12.0,2002.0,1,24.0,2012.0,"Mar,Jun,Sept,Dec"
178,d,c,1640.0,7.0,2011.0,1,48.0,2012.0,"Jan,Apr,Jul,Oct"
179,d,a,3000.0,6.0,2007.0,0,,,
180,c,a,,9.0,2004.0,0,,,
181,d,a,,1.0,2003.0,1,30.0,2012.0,"Feb,May,Aug,Nov"
182,d,a,120.0,11.0,2001.0,1,3.0,2012.0,"Jan,Apr,Jul,Oct"
183,a,a,,4.0,2007.0,0,,,
184,a,c,240.0,1.0,2010.0,0,,,
185,c,a,100.0,3.0,2003.0,0,,,
186,b,a,1340.0,,,0,,,
187,a,c,14000.0,1.0,2007.0,0,,,
188,a,c,280.0,,,0,,,
189,c,a,980.0,2.0,2005.0,0,,,
190,a,c,880.0,11.0,2004.0,1,9.0,2014.0,"Feb,May,Aug,Nov"
191,d,c,1320.0,6.0,2002.0,0,,,
192,a,c,,,,0,,,
193,a,c,1100.0,5.0,2013.0,0,,,
194,c,a,700.0,2.0,2012.0,0,,,
195,a,c,420.0,3.0,2008.0,1,23.0,2014.0,"Jan,Apr,Jul,Oct"
196,a,a,660.0,8.0,2011.0,1,24.0,2014.0,"Mar,Jun,Sept,Dec"
197,b,c,440.0,9.0,2006.0,0,,,
198,d,c,1900.0,4.0,2000.0,0,,,
199,a,a,1400.0,5.0,2005.0,0,,,
200,a,a,1660.0,12.0,2011.0,0,,,
201,c,c,,11.0,2010.0,0,,,
202,d,c,1920.0,5.0,2015.0,0,,,
203,a,a,520.0,,,0,,,
204,a,c,1260.0,,,1,23.0,2012.0,"Jan,Apr,Jul,Oct"
205,a,c,1040.0,7.0,2000.0,0,,,
206,a,a,,7.0,2004.0,0,,,
207,a,a,1020.0,3.0,2014.0,0,,,
208,b,a,460.0,1.0,2013.0,0,,,
209,a,c,13000.0,6.0,2001.0,0,,,
210,a,a,1420.0,10.0,2002.0,0,,,
211,c,c,320.0,,,0,,,
212,b,a,9000.0,5.0,2010.0,0,,,
213,a,c,700.0,,,1,44.0,2013.0,"Feb,May,Aug,Nov"
214,c,a,,3.0,2012.0,1,26.0,2014.0,"Jan,Apr,Jul,Oct"
215,c,a,,8.0,2003.0,0,,,
216,c,c,1220.0,4.0,2000.0,0,,,
217,a,a,1840.0,4.0,2010.0,1,34.0,2011.0,"Feb,May,Aug,Nov"
218,a,b,1880.0,,,1,2.0,2013.0,"Mar,Jun,Sept,Dec"
219,d,c,6000.0,3.0,2014.0,0,,,
220,a,c,240.0,3.0,2009.0,0,,,
221,a,c,1080.0,12.0,2008.0,0,,,
222,a,a,580.0,,,1,9.0,2013.0,"Jan,Apr,Jul,Oct"
223,b,c,10000.0,1.0,2001.0,0,,,
224,d,c,240.0,,,0,,,
225,a,a,1720.0,,,0,,,
226,d,a,12500.0,4.0,2002.0,0,,,
227,a,c,,7.0,2011.0,0,,,
228,b,a,960.0,8.0,2005.0,1,14.0,2012.0,"Mar,Jun,Sept,Dec"
229,b,c,40.0,,,0,,,
230,a,c,12000.0,10.0,2013.0,0,,,
231,a,c,20.0,6.0,2013.0,0,,,
232,a,a,220.0,12.0,2003.0,1,19.0,2014.0,"Feb,May,Aug,Nov"
233,d,a,,2.0,2004.0,0,,,
234,b,a,,4.0,2013.0,0,,,
235,d,a,10500.0,9.0,2014.0,0,,,
236,c,c,,11.0,2001.0,1,10.0,2015.0,"Jan,Apr,Jul,Oct"
237,a,c,260.0,3.0,2013.0,1,44.0,2014.0,"Jan,Apr,Jul,Oct"
238,c,a,300.0,12.0,2007.0,1,10.0,2013.0,"Mar,Jun,Sept,Dec"
239,a,a,1000.0,3.0,2009.0,1,11.0,2015.0,"Jan,Apr,Jul,Oct"
240,a,c,80.0,,,0,,,
241,c,a,,4.0,2010.0,0,,,
242,c,a,200.0,6.0,2010.0,0,,,
243,a,a,1800.0,,,1,19.0,2014.0,"Mar,Jun,Sept,Dec"
244,a,c,,9.0,2012.0,1,16.0,2012.0,"Mar,Jun,Sept,Dec"
245,b,a,13000.0,10.0,2015.0,0,,,
246,d,c,780.0,4.0,2013.0,1,31.0,2012.0,"Feb,May,Aug,Nov"
247,b,a,1560.0,,,0,,,
248,a,c,1820.0,6.0,2015.0,0,,,
249,a,a,15500.0,8.0,2010.0,0,,,
250,a,a,1420.0,9.0,2010.0,1,43.0,2013.0,"Mar,Jun,Sept,Dec"
251,b,a,960.0,8.0,2008.0,1,6.0,2012.0,"Feb,May,Aug,Nov"
252,d,a,18000.0,8.0,2012.0,0,,,
253,a,a,,6.0,2001.0,1,26.0,2014.0,"Mar,Jun,Sept,Dec"
254,a,a,1620.0,,,1,38.0,2014.0,"Jan,Apr,Jul,Oct"
255,a,a,100.0,,,1,13.0,2013.0,"Feb,May,Aug,Nov"
256,c,a,1660.0,5.0,2014.0,1,5.0,2011.0,"Feb,May,Aug,Nov"
257,c,c,,7.0,2001.0,0,,,
258,a,a,,,,1,24.0,2011.0,"Jan,Apr,Jul,Oct"
259,a,c,1340.0,5.0,2002.0,1,8.0,2011.0,"Jan,Apr,Jul,Oct"
260,b,c,500.0,10.0,2014.0,1,35.0,2015.0,"Mar,Jun,Sept,Dec"
261,a,a,1900.0,,,0,,,
262,c,c,,3.0,2003.0,1,24.0,2014.0,"Feb,May,Aug,Nov"
263,a,c,,,,1,37.0,2015.0,"Feb,May,Aug,Nov"
264,a,c,180.0,10.0,2007.0,0,,,
265,d,a,960.0,2.0,2015.0,1,24.0,2012.0,"Feb,May,Aug,Nov"
266,a,a,1580.0,,,0,,,
267,a,a,340.0,5.0,2000.0,0,,,
268,a,b,,8.0,2003.0,0,,,
269,a,c,380.0,4.0,2006.0,1,4.0,2014.0,"Feb,May,Aug,Nov"
270,a,c,7000.0,10.0,2003.0,1,9.0,2013.0,"Feb,May,Aug,Nov"
271,a,a,,11.0,2002.0,0,,,
272,a,c,9000.0,7.0,2015.0,1,25.0,2013.0,"Jan,Apr,Jul,Oct"
273,a,a,15000.0,5.0,2013.0,0,,,
274,b,c,880.0,1.0,2006.0,0,,,
275,c,a,,10.0,2003.0,1,2.0,2014.0,"Jan,Apr,Jul,Oct"
276,a,c,1400.0,,,1,43.0,2015.0,"Jan,Apr,Jul,Oct"
277,a,c,220.0,6.0,2014.0,1,24.0,2014.0,"Mar,Jun,Sept,Dec"
278,a,a,1220.0,7.0,2005.0,1,4.0,2014.0,"Feb,May,Aug,Nov"
279,d,a,1160.0,10.0,2000.0,1,12.0,2011.0,"Feb,May,Aug,Nov"
280,d,c,1740.0,9.0,2006.0,0,,,
281,a,a,880.0,2.0,2007.0,0,,,
282,a,b,1540.0,9.0,2009.0,0,,,
283,a,c,1420.0,12.0,2005.0,1,2.0,2013.0,"Jan,Apr,Jul,Oct"
284,a,c,1080.0,,,1,4.0,2014.0,"Feb,May,Aug,Nov"
285,b,a,9500.0,,,1,2.0,2011.0,"Jan,Apr,Jul,Oct"
286,a,a,1020.0,7.0,2015.0,0,,,
287,a,a,15500.0,,,0,,,
288,a,c,840.0,,,1,35.0,2015.0,"Jan,Apr,Jul,Oct"
289,a,a,,3.0,2005.0,1,11.0,2012.0,"Jan,Apr,Jul,Oct"
290,a,a,1220.0,5.0,2011.0,0,,,
291,c,a,140.0,4.0,2011.0,0,,,
292,a,c,500.0,5.0,2005.0,0,,,
293,d,a,19000.0,5.0,2015.0,0,,,
294,a,c,,1.0,2013.0,0,,,
295,c,c,700.0,9.0,2014.0,0,,,
296,d,c,2000.0,,,1,21.0,2014.0,"Mar,Jun,Sept,Dec"
297,d,c,1900.0,,,0,,,
298,c,c,460.0,3.0,2001.0,0,,,
299,c,c,1500.0,9.0,2001.0,0,,,
300,b,a,9500.0,3.0,2015.0,1,40.0,2015.0,"Feb,May,Aug,Nov"
301,c,c,,7.0,2002.0,0,,,
302,a,c,,,,0,,,
303,a,c,340.0,,,0,,,
304,a,c,800.0,,,1,52.0,2015.0,"Jan,Apr,Jul,Oct"
305,d,c,1460.0,,,1,44.0,2011.0,"Mar,Jun,Sept,Dec"
306,a,c,500.0,,,0,,,
307,a,a,1900.0,11.0,2011.0,0,,,
308,b,a,40.0,3.0,2007.0,0,,,
309,a,a,380.0,4.0,2012.0,1,27.0,2012.0,"Jan,Apr,Jul,Oct"
310,a,a,160.0,4.0,2005.0,1,11.0,2014.0,"Jan,Apr,Jul,Oct"
311,a,a,980.0,12.0,2008.0,0,,,
312,a,a,15000.0,2.0,2004.0,0,,,
313,a,a,600.0,,,1,18.0,2014.0,"Feb,May,Aug,Nov"
314,a,c,,6.0,2002.0,1,20.0,2012.0,"Jan,Apr,Jul,Oct"
315,a,a,900.0,,,0,,,
316,a,c,160.0,,,0,,,
317,a,c,1120.0,12.0,2008.0,0,,,
318,c,a,14000.0,9.0,2007.0,1,47.0,2012.0,"Jan,Apr,Jul,Oct"
319,a,a,360.0,9.0,2010.0,1,49.0,2012.0,"Mar,Jun,Sept,Dec"
320,d,a,240.0,10.0,2008.0,1,45.0,2015.0,"Mar,Jun,Sept,Dec"
321,d,c,,2.0,2004.0,1,48.0,2012.0,"Feb,May,Aug,Nov"
322,a,a,1960.0,,,0,,,
323,a,a,1140.0,8.0,2010.0,0,,,
324,a,c,14500.0,3.0,2015.0,0,,,
325,c,c,,2.0,2012.0,1,7.0,2013.0,"Jan,Apr,Jul,Oct"
326,b,a,1200.0,2.0,2010.0,1,6.0,2014.0,"Mar,Jun,Sept,Dec"
327,c,a,1860.0,10.0,2014.0,0,,,
328,a,a,40.0,8.0,2014.0,0,,,
329,b,a,1020.0,4.0,2008.0,1,42.0,2012.0,"Mar,Jun,Sept,Dec"
330,a,a,1980.0,9.0,2001.0,1,49.0,2011.0,"Mar,Jun,Sept,Dec"
331,c,c,660.0,9.0,2010.0,1,34.0,2011.0,"Jan,Apr,Jul,Oct"
332,a,c,,10.0,2009.0,0,,,
333,c,b,,11.0,2004.0,1,15.0,2014.0,"Feb,May,Aug,Nov"
334,d,c,860.0,11.0,2013.0,1,23.0,2012.0,"Feb,May,Aug,Nov"
335,a,a,1320.0,3.0,2013.0,1,51.0,2011.0,"Feb,May,Aug,Nov"
336,b,c,640.0,10.0,2005.0,1,43.0,2012.0,"Feb,May,Aug,Nov"
337,a,c,1680.0,5.0,2007.0,1,11.0,2013.0,"Mar,Jun,Sept,Dec"
338,c,c,420.0,5.0,2003.0,1,49.0,2012.0,"Feb,May,Aug,Nov"
339,a,c,1300.0,8.0,2002.0,1,26.0,2012.0,"Jan,Apr,Jul,Oct"
340,d,a,1840.0,8.0,2004.0,0,,,
341,a,a,2500.0,6.0,2005.0,0,,,
342,d,a,1980.0,,,1,32.0,2012.0,"Mar,Jun,Sept,Dec"
343,c,a,740.0,3.0,2002.0,1,9.0,2015.0,"Feb,May,Aug,Nov"
344,b,c,17500.0,,,0,,,
345,c,a,9500.0,1.0,2009.0,0,,,
346,c,c,14500.0,10.0,2005.0,1,44.0,2011.0,"Jan,Apr,Jul,Oct"
347,d,c,1560.0,5.0,2008.0,1,5.0,2011.0,"Jan,Apr,Jul,Oct"
348,a,a,,,,1,4.0,2012.0,"Feb,May,Aug,Nov"
349,b,a,1300.0,,,0,,,
350,a,c,18500.0,6.0,2010.0,1,24.0,2013.0,"Jan,Apr,Jul,Oct"
351,b,c,680.0,,,1,45.0,2012.0,"Jan,Apr,Jul,Oct"
352,a,a,820.0,1.0,2000.0,0,,,
353,b,a,1740.0,2.0,2013.0,0,,,
354,b,c,1840.0,12.0,2005.0,1,2.0,2013.0,"Jan,Apr,Jul,Oct"
355,a,a,14000.0,,,0,,,
356,a,c,1000.0,3.0,2011.0,1,45.0,2011.0,"Feb,May,Aug,Nov"
357,c,a,,,,1,9.0,2013.0,"Jan,Apr,Jul,Oct"
358,c,a,1100.0,5.0,2002.0,1,17.0,2014.0,"Mar,Jun,Sept,Dec"
359,a,a,1780.0,4.0,2015.0,0,,,
360,b,a,,4.0,2003.0,1,3.0,2013.0,"Feb,May,Aug,Nov"
361,d,a,1800.0,,,0,,,
362,a,a,8500.0,2.0,2003.0,1,47.0,2014.0,"Jan,Apr,Jul,Oct"
363,a,c,,4.0,2001.0,0,,,
364,a,a,,6.0,2000.0,1,8.0,2013.0,"Mar,Jun,Sept,Dec"
365,b,a,1660.0,7.0,2000.0,1,36.0,2012.0,"Mar,Jun,Sept,Dec"
366,a,a,1380.0,11.0,2007.0,0,,,
367,c,a,660.0,12.0,2006.0,0,,,
368,b,c,1780.0,4.0,2000.0,1,4.0,2012.0,"Feb,May,Aug,Nov"
369,a,a,,7.0,2005.0,0,,,
370,d,c,1620.0,1.0,2004.0,0,,,
371,c,a,1160.0,,,0,,,
372,a,c,360.0,2.0,2015.0,1,46.0,2013.0,"Feb,May,Aug,Nov"
373,a,a,1300.0,,,1,26.0,2015.0,"Jan,Apr,Jul,Oct"
374,a,c,800.0,,,0,,,
375,a,a,,3.0,2003.0,1,32.0,2015.0,"Jan,Apr,Jul,Oct"
376,a,a,1760.0,6.0,2003.0,0,,,
377,d,c,460.0,2.0,2012.0,0,,,
378,a,c,240.0,9.0,2004.0,0,,,
379,a,c,,10.0,2013.0,0,,,
380,c,a,,7.0,2007.0,0,,,
381,b,c,15000.0,11.0,2003.0,1,45.0,2015.0,"Feb,May,Aug,Nov"
382,d,c,420.0,6.0,2013.0,0,,,
383,c,c,340.0,,,1,6.0,2015.0,"Jan,Apr,Jul,Oct"
384,a,a,660.0,2.0,2012.0,0,,,
385,a,c,14000.0,3.0,2007.0,0,,,
386,d,c,15500.0,,,0,,,
387,c,c,,4.0,2010.0,1,10.0,2011.0,"Mar,Jun,Sept,Dec"
388,d,a,320.0,3.0,2001.0,1,45.0,2015.0,"Mar,Jun,Sept,Dec"
389,a,a,520.0,,,0,,,
390,d,c,,2.0,2006.0,0,,,
391,b,a,,8.0,2012.0,0,,,
392,a,c,12000.0,5.0,2013.0,1,14.0,2015.0,"Mar,Jun,Sept,Dec"
393,b,a,360.0,,,0,,,
394,c,a,240.0,7.0,2014.0,1,4.0,2013.0,"Mar,Jun,Sept,Dec"
395,a,c,200.0,11.0,2001.0,0,,,
396,a,a,9500.0,6.0,2001.0,0,,,
397,c,a,,4.0,2015.0,1,23.0,2014.0,"Feb,May,Aug,Nov"
398,a,c,4500.0,8.0,2009.0,0,,,
399,a,c,880.0,8.0,2007.0,0,,,
400,a,c,14500.0,,,1,14.0,2014.0,"Feb,May,Aug,Nov"
401,a,a,200.0,7.0,2004.0,0,,,
402,d,a,,6.0,2010.0,0,,,
403,c,c,,4.0,2013.0,0,,,
404,a,a,11500.0,4.0,2014.0,0,,,
405,d,a,,11.0,2006.0,1,39.0,2015.0,"Feb,May,Aug,Nov"
406,d,a,1940.0,9.0,2007.0,0,,,
407,a,a,1560.0,2.0,2002.0,1,20.0,2014.0,"Jan,Apr,Jul,Oct"
408,c,c,1080.0,12.0,2001.0,1,14.0,2012.0,"Feb,May,Aug,Nov"
409,a,c,,9.0,2007.0,1,23.0,2012.0,"Jan,Apr,Jul,Oct"
410,d,c,10000.0,1.0,2009.0,1,30.0,2011.0,"Jan,Apr,Jul,Oct"
411,b,a,640.0,9.0,2001.0,1,18.0,2011.0,"Feb,May,Aug,Nov"
412,b,a,,,,1,24.0,2011.0,"Jan,Apr,Jul,Oct"
413,a,a,200.0,,,0,,,
414,d,a,1940.0,,,0,,,
415,a,a,640.0,,,1,38.0,2013.0,"Mar,Jun,Sept,Dec"
416,a,a,7000.0,4.0,2005.0,0,,,
417,a,a,1380.0,,,1,46.0,2015.0,"Feb,May,Aug,Nov"
418,c,c,1460.0,8.0,2013.0,0,,,
419,a,c,7500.0,10.0,2011.0,1,48.0,2013.0,"Mar,Jun,Sept,Dec"
420,d,a,14500.0,11.0,2004.0,0,,,
421,b,a,1260.0,10.0,2010.0,1,46.0,2013.0,"Mar,Jun,Sept,Dec"
422,a,c,,8.0,2002.0,0,,,
423,a,c,1660.0,7.0,2007.0,0,,,
424,a,c,540.0,5.0,2004.0,1,22.0,2013.0,"Feb,May,Aug,Nov"
425,b,a,40.0,,,1,15.0,2014.0,"Feb,May,Aug,Nov"
426,c,c,680.0,4.0,2000.0,1,46.0,2014.0,"Feb,May,Aug,Nov"
427,a,a,9500.0,4.0,2013.0,1,34.0,2015.0,"Feb,May,Aug,Nov"
428,c,a,1800.0,11.0,2004.0,0,,,
429,a,a,1120.0,8.0,2000.0,1,50.0,2011.0,"Feb,May,Aug,Nov"
430,c,a,1600.0,5.0,2010.0,0,,,
431,d,a,,11.0,2010.0,1,38.0,2014.0,"Jan,Apr,Jul,Oct"
432,c,a,1900.0,12.0,2002.0,0,,,
433,c,c,200.0,4.0,2000.0,0,,,
434,c,a,180.0,,,1,39.0,2014.0,"Feb,May,Aug,Nov"
435,a,a,1600.0,,,1,36.0,2015.0,"Mar,Jun,Sept,Dec"
436,a,a,1340.0,9.0,2002.0,0,,,
437,a,a,,12.0,2011.0,1,41.0,2015.0,"Jan,Apr,Jul,Oct"
438,a,a,1940.0,,,1,33.0,2015.0,"Mar,Jun,Sept,Dec"
439,c,a,14500.0,10.0,2012.0,0,,,
440,b,a,1940.0,8.0,2013.0,1,6.0,2012.0,"Jan,Apr,Jul,Oct"
441,d,c,1140.0,11.0,2011.0,0,,,
442,a,c,6500.0,5.0,2015.0,0,,,
443,c,a,3500.0,5.0,2015.0,1,23.0,2012.0,"Mar,Jun,Sept,Dec"
444,a,c,11500.0,6.0,2000.0,0,,,
445,a,c,640.0,12.0,2005.0,0,,,
446,c,c,5000.0,8.0,2012.0,1,46.0,2014.0,"Feb,May,Aug,Nov"
447,d,c,960.0,2.0,2005.0,0,,,
448,b,c,17500.0,1.0,2011.0,1,19.0,2014.0,"Mar,Jun,Sept,Dec"
449,a,c,18000.0,,,1,18.0,2011.0,"Mar,Jun,Sept,Dec"
450,b,c,4000.0,10.0,2015.0,0,,,
451,a,a,,6.0,2005.0,1,50.0,2015.0,"Feb,May,Aug,Nov"
452,d,a,1780.0,7.0,2005.0,0,,,
453,c,a,100.0,,,1,27.0,2015.0,"Feb,May,Aug,Nov"
454,a,a,2500.0,7.0,2004.0,0,,,
455,a,a,16500.0,,,1,25.0,2011.0,"Feb,May,Aug,Nov"
456,a,a,340.0,8.0,2007.0,0,,,
457,d,c,360.0,9.0,2006.0,1,19.0,2011.0,"Feb,May,Aug,Nov"
458,a,c,920.0,10.0,2013.0,0,,,
459,c,c,,8.0,2012.0,0,,,
460,b,a,1760.0,,,0,,,
461,b,a,,,,1,28.0,2014.0,"Jan,Apr,Jul,Oct"
462,a,c,,2.0,2007.0,1,23.0,2014.0,"Feb,May,Aug,Nov"
463,d,c,1840.0,,,0,,,
464,a,c,8500.0,2.0,2003.0,0,,,
465,b,c,1100.0,7.0,2006.0,0,,,
466,c,c,300.0,5.0,2011.0,0,,,
467,b,a,1320.0,1.0,2012.0,1,19.0,2013.0,"Feb,May,Aug,Nov"
468,d,a,1960.0,,,1,33.0,2013.0,"Jan,Apr,Jul,Oct"
469,a,a,620.0,7.0,2006.0,1,23.0,2013.0,"Mar,Jun,Sept,Dec"
470,a,c,740.0,1.0,2006.0,0,,,
471,a,c,60.0,11.0,2006.0,0,,,
472,a,a,13000.0,10.0,2010.0,1,20.0,2011.0,"Jan,Apr,Jul,Oct"
473,a,c,,9.0,2006.0,0,,,
474,a,a,,3.0,2006.0,1,7.0,2012.0,"Feb,May,Aug,Nov"
475,a,a,1260.0,10.0,2002.0,0,,,
476,a,a,1960.0,8.0,2007.0,0,,,
477,a,a,,5.0,2003.0,1,46.0,2011.0,"Mar,Jun,Sept,Dec"
478,b,c,1960.0,1.0,2008.0,0,,,
479,b,a,980.0,7.0,2014.0,1,3.0,2011.0,"Jan,Apr,Jul,Oct"
480,a,c,1120.0,,,0,,,
481,a,c,12000.0,,,0,,,
482,a,a,1480.0,1.0,2015.0,0,,,
483,b,a,,,,0,,,
484,a,c,,7.0,2007.0,0,,,
485,a,a,120.0,6.0,2012.0,0,,,
486,a,c,12000.0,6.0,2005.0,1,34.0,2013.0,"Jan,Apr,Jul,Oct"
487,a,a,1240.0,4.0,2014.0,1,11.0,2012.0,"Mar,Jun,Sept,Dec"
488,a,c,1720.0,,,0,,,
489,b,c,880.0,1.0,2004.0,0,,,
490,b,a,1220.0,2.0,2002.0,0,,,
491,c,a,1100.0,9.0,2013.0,1,46.0,2011.0,"Mar,Jun,Sept,Dec"
492,b,c,180.0,10.0,2004.0,1,14.0,2014.0,"Jan,Apr,Jul,Oct"
493,b,a,17000.0,6.0,2013.0,0,,,
494,a,a,480.0,1.0,2001.0,1,43.0,2015.0,"Jan,Apr,Jul,Oct"
495,c,a,1260.0,5.0,2008.0,0,,,
496,a,a,640.0,12.0,2006.0,0,,,
497,a,c,540.0,3.0,2007.0,0,,,
498,b,c,1240.0,6.0,2002.0,1,8.0,2011.0,"Mar,Jun,Sept,Dec"
499,a,a,,7.0,2001.0,0,,,
500,a,c,,4.0,2005.0,0,,,
501,c,a,1260.0,6.0,2007.0,0,,,
502,d,a,1680.0,6.0,2012.0,1,23.0,2014.0,"Feb,May,Aug,Nov"
503,d,c,,6.0,2007.0,0,,,
504,a,c,780.0,9.0,2003.0,0,,,
505,a,a,,7.0,2004.0,0,,,
506,c,a,360.0,1.0,2009.0,1,10.0,2013.0,"Jan,Apr,Jul,Oct"
507,a,a,760.0,1.0,2006.0,0,,,
508,c,c,1120.0,,,1,28.0,2013.0,"Feb,May,Aug,Nov"
509,a,a,140.0,,,0,,,
510,a,a,19500.0,1.0,2009.0,0,,,
511,a,c,,1.0,2001.0,1,7.0,2014.0,"Jan,Apr,Jul,Oct"
512,c,a,1280.0,9.0,2003.0,1,48.0,2014.0,"Feb,May,Aug,Nov"
513,a,a,,,,0,,,
514,a,a,16000.0,3.0,2005.0,1,21.0,2014.0,"Mar,Jun,Sept,Dec"
515,a,a,18500.0,3.0,2006.0,1,11.0,2015.0,"Feb,May,Aug,Nov"
516,a,a,18500.0,,,0,,,
517,a,c,1900.0,7.0,2000.0,1,8.0,2015.0,"Mar,Jun,Sept,Dec"
518,c,c,380.0,8.0,2008.0,1,29.0,2014.0,"Feb,May,Aug,Nov"
519,a,c,,4.0,2005.0,0,,,
520,c,c,2500.0,7.0,2002.0,1,52.0,2015.0,"Mar,Jun,Sept,Dec"
521,d,a,,11.0,2006.0,0,,,
522,a,a,,4.0,2007.0,0,,,
523,a,c,620.0,,,1,7.0,2014.0,"Feb,May,Aug,Nov"
524,b,a,1340.0,,,1,20.0,2015.0,"Jan,Apr,Jul,Oct"
525,a,c,640.0,8.0,2011.0,1,32.0,2012.0,"Feb,May,Aug,Nov"
526,a,c,180.0,1.0,2004.0,1,4.0,2011.0,"Jan,Apr,Jul,Oct"
527,d,a,,3.0,2015.0,1,40.0,2015.0,"Feb,May,Aug,Nov"
528,d,a,,9.0,2009.0,0,,,
529,c,a,,1.0,2012.0,1,42.0,2013.0,"Feb,May,Aug,Nov"
530,a,a,,12.0,2001.0,1,25.0,2014.0,"Jan,Apr,Jul,Oct"
531,c,a,6000.0,5.0,2012.0,1,9.0,2011.0,"Jan,Apr,Jul,Oct"
532,c,a,1740.0,5.0,2005.0,0,,,
533,a,c,,7.0,2011.0,0,,,
534,b,c,1840.0,8.0,2012.0,0,,,
535,a,c,5500.0,6.0,2004.0,0,,,
536,a,a,700.0,,,0,,,
537,a,a,14000.0,12.0,2000.0,1,9.0,2011.0,"Feb,May,Aug,Nov"
538,a,a,,,,1,17.0,2012.0,"Jan,Apr,Jul,Oct"
539,a,a,8000.0,9.0,2012.0,0,,,
540,c,c,1660.0,,,0,,,
541,d,a,660.0,12.0,2002.0,1,1.0,2012.0,"Mar,Jun,Sept,Dec"
542,b,a,120.0,4.0,2005.0,0,,,
543,c,c,4000.0,,,1,28.0,2012.0,"Feb,May,Aug,Nov"
544,d,a,8500.0,9.0,2014.0,0,,,
545,a,a,16000.0,10.0,2001.0,0,,,
546,a,a,,2.0,2005.0,0,,,
547,a,c,1660.0,7.0,2010.0,1,38.0,2013.0,"Jan,Apr,Jul,Oct"
548,a,c,,5.0,2003.0,0,,,
549,c,a,11500.0,8.0,2014.0,1,51.0,2014.0,"Feb,May,Aug,Nov"
550,a,c,920.0,,,0,,,
551,a,c,,12.0,2006.0,0,,,
552,a,c,180.0,12.0,2011.0,1,24.0,2013.0,"Mar,Jun,Sept,Dec"
553,a,a,1980.0,8.0,2012.0,0,,,
554,d,a,,,,0,,,
555,a,c,6500.0,11.0,2002.0,0,,,
556,a,a,,3.0,2000.0,1,22.0,2011.0,"Jan,Apr,Jul,Oct"
557,a,c,200.0,9.0,2005.0,0,,,
558,a,c,1760.0,10.0,2002.0,0,,,
559,b,a,16500.0,,,1,40.0,2015.0,"Mar,Jun,Sept,Dec"
560,a,c,5000.0,11.0,2010.0,1,28.0,2013.0,"Mar,Jun,Sept,Dec"
561,a,c,,,,1,23.0,2014.0,"Mar,Jun,Sept,Dec"
562,a,c,1540.0,5.0,2003.0,1,26.0,2014.0,"Mar,Jun,Sept,Dec"
563,c,a,8500.0,6.0,2000.0,1,50.0,2015.0,"Feb,May,Aug,Nov"
564,b,c,1400.0,6.0,2003.0,0,,,
565,b,a,,12.0,2007.0,0,,,
566,b,c,400.0,12.0,2012.0,1,49.0,2012.0,"Mar,Jun,Sept,Dec"
567,c,c,840.0,10.0,2005.0,1,9.0,2015.0,"Jan,Apr,Jul,Oct"
568,a,c,320.0,8.0,2004.0,1,5.0,2015.0,"Mar,Jun,Sept,Dec"
569,a,a,10000.0,2.0,2008.0,1,24.0,2012.0,"Jan,Apr,Jul,Oct"
570,a,a,780.0,11.0,2001.0,0,,,
571,a,a,1060.0,2.0,2003.0,0,,,
572,c,a,,3.0,2000.0,1,7.0,2011.0,"Mar,Jun,Sept,Dec"
573,a,a,1200.0,1.0,2008.0,0,,,
574,c,c,500.0,12.0,2007.0,1,32.0,2015.0,"Jan,Apr,Jul,Oct"
575,d,a,80.0,6.0,2009.0,1,36.0,2015.0,"Feb,May,Aug,Nov"
576,a,c,760.0,3.0,2009.0,0,,,
577,d,c,,1.0,2006.0,1,18.0,2014.0,"Mar,Jun,Sept,Dec"
578,b,a,1820.0,5.0,2013.0,1,33.0,2014.0,"Feb,May,Aug,Nov"
579,d,c,,9.0,2014.0,1,28.0,2011.0,"Feb,May,Aug,Nov"
580,a,c,720.0,12.0,2001.0,0,,,
581,a,a,1160.0,7.0,2014.0,1,35.0,2014.0,"Mar,Jun,Sept,Dec"
582,a,a,540.0,8.0,2003.0,0,,,
583,a,c,1320.0,,,1,41.0,2011.0,"Jan,Apr,Jul,Oct"
584,a,c,1860.0,11.0,2008.0,0,,,
585,d,c,19000.0,,,1,5.0,2013.0,"Jan,Apr,Jul,Oct"
586,b,c,1220.0,12.0,2005.0,1,48.0,2012.0,"Feb,May,Aug,Nov"
587,a,c,16000.0,7.0,2003.0,1,2.0,2012.0,"Mar,Jun,Sept,Dec"
588,a,a,4000.0,12.0,2007.0,1,15.0,2014.0,"Feb,May,Aug,Nov"
589,a,c,980.0,2.0,2013.0,0,,,
590,a,a,,,,1,13.0,2012.0,"Jan,Apr,Jul,Oct"
591,d,c,1440.0,11.0,2003.0,0,,,
592,a,a,500.0,,,1,7.0,2014.0,"Jan,Apr,Jul,Oct"
593,a,a,,3.0,2007.0,0,,,
594,b,c,,,,1,49.0,2013.0,"Feb,May,Aug,Nov"
595,a,a,180.0,,,0,,,
596,a,c,,9.0,2015.0,1,49.0,2011.0,"Mar,Jun,Sept,Dec"
597,c,a,,3.0,2006.0,1,22.0,2011.0,"Jan,Apr,Jul,Oct"
598,b,c,,1.0,2001.0,0,,,
599,d,c,860.0,10.0,2014.0,0,,,
600,b,a,4500.0,,,1,17.0,2011.0,"Jan,Apr,Jul,Oct"
601,a,c,1780.0,2.0,2005.0,1,6.0,2015.0,"Jan,Apr,Jul,Oct"
602,c,a,3500.0,2.0,2008.0,0,,,
603,d,c,3000.0,8.0,2013.0,0,,,
604,c,c,5000.0,1.0,2008.0,0,,,
605,d,c,1700.0,,,1,32.0,2014.0,"Jan,Apr,Jul,Oct"
606,c,a,9000.0,11.0,2014.0,1,34.0,2015.0,"Jan,Apr,Jul,Oct"
607,d,a,1740.0,10.0,2013.0,0,,,
608,a,c,60.0,,,1,7.0,2013.0,"Feb,May,Aug,Nov"
609,c,c,120.0,3.0,2002.0,1,27.0,2014.0,"Mar,Jun,Sept,Dec"
610,a,a,,9.0,2007.0,1,46.0,2014.0,"Mar,Jun,Sept,Dec"
611,b,a,,1.0,2010.0,0,,,
612,b,a,1940.0,7.0,2004.0,0,,,
613,d,c,580.0,6.0,2008.0,0,,,
614,d,a,16500.0,,,0,,,
615,a,a,480.0,3.0,2001.0,0,,,
616,c,c,1260.0,,,0,,,
617,c,a,1100.0,,,0,,,
618,a,c,60.0,,,1,37.0,2015.0,"Jan,Apr,Jul,Oct"
619,a,a,19000.0,5.0,2008.0,0,,,
620,a,c,1700.0,1.0,2011.0,1,33.0,2014.0,"Feb,May,Aug,Nov"
621,c,c,1060.0,6.0,2000.0,0,,,
622,a,c,1680.0,4.0,2010.0,1,42.0,2014.0,"Feb,May,Aug,Nov"
623,d,a,20.0,2.0,2004.0,0,,,
624,a,b,1460.0,7.0,2006.0,1,45.0,2015.0,"Jan,Apr,Jul,Oct"
625,d,c,1720.0,7.0,2010.0,1,12.0,2013.0,"Mar,Jun,Sept,Dec"
626,a,a,1140.0,2.0,2000.0,0,,,
627,c,a,,3.0,2000.0,1,8.0,2011.0,"Mar,Jun,Sept,Dec"
628,a,a,840.0,1.0,2007.0,0,,,
629,b,c,460.0,9.0,2015.0,1,36.0,2011.0,"Jan,Apr,Jul,Oct"
630,c,c,1760.0,,,0,,,
631,d,c,,1.0,2012.0,0,,,
632,c,c,1240.0,,,0,,,
633,a,b,160.0,,,1,36.0,2015.0,"Feb,May,Aug,Nov"
634,a,a,,4.0,2006.0,0,,,
635,a,a,1480.0,9.0,2007.0,1,40.0,2011.0,"Jan,Apr,Jul,Oct"
636,a,c,580.0,6.0,2001.0,0,,,
637,b,a,3000.0,3.0,2012.0,0,,,
638,c,c,1060.0,4.0,2004.0,0,,,
639,c,c,,1.0,2012.0,1,15.0,2013.0,"Jan,Apr,Jul,Oct"
640,d,a,980.0,,,1,49.0,2013.0,"Feb,May,Aug,Nov"
641,c,c,1820.0,,,0,,,
642,c,a,1800.0,,,1,23.0,2011.0,"Jan,Apr,Jul,Oct"
643,a,c,820.0,2.0,2010.0,0,,,
644,a,c,1660.0,10.0,2015.0,0,,,
645,b,c,360.0,,,1,35.0,2013.0,"Mar,Jun,Sept,Dec"
646,d,a,5500.0,7.0,2014.0,0,,,
647,a,a,15000.0,11.0,2003.0,0,,,
648,a,a,,9.0,2009.0,1,39.0,2014.0,"Jan,Apr,Jul,Oct"
649,b,a,1080.0,8.0,2006.0,0,,,
650,a,a,960.0,11.0,2015.0,1,6.0,2012.0,"Feb,May,Aug,Nov"
651,a,a,1820.0,3.0,2015.0,1,38.0,2015.0,"Jan,Apr,Jul,Oct"
652,d,c,9500.0,12.0,2013.0,1,43.0,2015.0,"Jan,Apr,Jul,Oct"
653,b,a,,7.0,2002.0,1,27.0,2013.0,"Feb,May,Aug,Nov"
654,a,a,100.0,5.0,2005.0,1,5.0,2012.0,"Jan,Apr,Jul,Oct"
655,d,c,800.0,4.0,2011.0,0,,,
656,a,c,880.0,9.0,2011.0,1,48.0,2011.0,"Mar,Jun,Sept,Dec"
657,d,c,860.0,,,1,12.0,2013.0,"Mar,Jun,Sept,Dec"
658,a,c,1540.0,9.0,2002.0,1,9.0,2011.0,"Feb,May,Aug,Nov"
659,b,c,,1.0,2002.0,0,,,
660,a,c,120.0,,,1,18.0,2013.0,"Feb,May,Aug,Nov"
661,a,a,19500.0,9.0,2007.0,1,38.0,2013.0,"Jan,Apr,Jul,Oct"
662,d,c,3000.0,,,0,,,
663,a,a,3000.0,10.0,2013.0,1,14.0,2013.0,"Jan,Apr,Jul,Oct"
664,a,a,8000.0,9.0,2000.0,0,,,
665,a,a,400.0,1.0,2012.0,0,,,
666,c,a,14000.0,7.0,2004.0,1,22.0,2012.0,"Jan,Apr,Jul,Oct"
667,c,c,820.0,,,0,,,
668,d,a,1720.0,,,0,,,
669,a,a,8000.0,,,0,,,
670,a,a,2000.0,,,0,,,
671,a,c,1080.0,11.0,2003.0,1,39.0,2012.0,"Jan,Apr,Jul,Oct"
672,b,a,1320.0,,,1,33.0,2013.0,"Mar,Jun,Sept,Dec"
673,d,c,1580.0,7.0,2015.0,1,50.0,2012.0,"Mar,Jun,Sept,Dec"
674,c,c,140.0,,,0,,,
675,b,a,12000.0,8.0,2007.0,1,46.0,2011.0,"Feb,May,Aug,Nov"
676,a,c,340.0,8.0,2007.0,1,42.0,2012.0,"Mar,Jun,Sept,Dec"
677,d,a,1520.0,,,1,21.0,2014.0,"Feb,May,Aug,Nov"
678,a,a,6500.0,,,0,,,
679,a,c,280.0,10.0,2008.0,0,,,
680,a,c,,2.0,2012.0,1,40.0,2015.0,"Feb,May,Aug,Nov"
681,a,a,1260.0,6.0,2009.0,1,52.0,2015.0,"Mar,Jun,Sept,Dec"
682,a,c,60.0,,,0,,,
683,a,a,6500.0,7.0,2002.0,1,30.0,2014.0,"Feb,May,Aug,Nov"
684,a,c,1860.0,7.0,2003.0,0,,,
685,b,c,5000.0,9.0,2006.0,0,,,
686,a,c,14000.0,6.0,2000.0,1,1.0,2012.0,"Jan,Apr,Jul,Oct"
687,a,c,1580.0,4.0,2005.0,1,3.0,2013.0,"Feb,May,Aug,Nov"
688,d,a,,6.0,2007.0,0,,,
689,c,c,1240.0,,,1,42.0,2013.0,"Mar,Jun,Sept,Dec"
690,a,c,1800.0,,,1,14.0,2011.0,"Mar,Jun,Sept,Dec"
691,a,c,540.0,,,0,,,
692,d,a,3500.0,12.0,2011.0,1,26.0,2014.0,"Jan,Apr,Jul,Oct"
693,a,a,880.0,3.0,2001.0,1,13.0,2011.0,"Mar,Jun,Sept,Dec"
694,a,a,9500.0,8.0,2006.0,1,22.0,2011.0,"Jan,Apr,Jul,Oct"
695,d,a,18500.0,,,1,19.0,2015.0,"Feb,May,Aug,Nov"
696,a,a,,4.0,2009.0,1,37.0,2014.0,"Mar,Jun,Sept,Dec"
697,c,a,,5.0,2007.0,0,,,
698,b,c,420.0,4.0,2006.0,0,,,
699,b,a,460.0,2.0,2006.0,1,25.0,2012.0,"Jan,Apr,Jul,Oct"
700,a,c,,2.0,2009.0,1,52.0,2015.0,"Feb,May,Aug,Nov"
701,a,c,1260.0,3.0,2002.0,0,,,
702,a,c,100.0,6.0,2008.0,0,,,
703,a,a,960.0,7.0,2003.0,1,39.0,2011.0,"Feb,May,Aug,Nov"
704,d,a,,1.0,2010.0,0,,,
705,a,c,1180.0,,,0,,,
706,b,c,260.0,9.0,2008.0,1,39.0,2011.0,"Jan,Apr,Jul,Oct"
707,c,a,12000.0,1.0,2006.0,1,47.0,2013.0,"Mar,Jun,Sept,Dec"
708,c,a,660.0,,,1,48.0,2012.0,"Jan,Apr,Jul,Oct"
709,a,c,1180.0,1.0,2010.0,1,14.0,2011.0,"Mar,Jun,Sept,Dec"
710,a,c,20.0,,,0,,,
711,d,a,2000.0,6.0,2000.0,1,35.0,2015.0,"Feb,May,Aug,Nov"
712,b,a,1480.0,,,0,,,
713,c,a,,12.0,2003.0,0,,,
714,d,c,1120.0,12.0,2003.0,1,15.0,2012.0,"Feb,May,Aug,Nov"
715,c,a,680.0,4.0,2011.0,1,52.0,2012.0,"Mar,Jun,Sept,Dec"
716,a,a,560.0,7.0,2008.0,1,19.0,2012.0,"Jan,Apr,Jul,Oct"
717,b,c,680.0,12.0,2015.0,0,,,
718,a,a,1500.0,9.0,2008.0,1,35.0,2013.0,"Mar,Jun,Sept,Dec"
719,b,a,300.0,11.0,2014.0,1,35.0,2013.0,"Mar,Jun,Sept,Dec"
720,d,a,1340.0,,,1,18.0,2012.0,"Jan,Apr,Jul,Oct"
721,a,a,,4.0,2005.0,1,45.0,2015.0,"Jan,Apr,Jul,Oct"
722,a,a,15500.0,7.0,2011.0,0,,,
723,a,a,5000.0,,,1,9.0,2012.0,"Jan,Apr,Jul,Oct"
724,d,c,,12.0,2004.0,1,17.0,2012.0,"Mar,Jun,Sept,Dec"
725,a,c,16500.0,,,1,45.0,2013.0,"Mar,Jun,Sept,Dec"
726,a,a,6000.0,,,1,5.0,2012.0,"Feb,May,Aug,Nov"
727,a,c,,,,1,1.0,2015.0,"Mar,Jun,Sept,Dec"
728,a,a,420.0,,,0,,,
729,a,c,,6.0,2015.0,0,,,
730,a,a,980.0,6.0,2006.0,1,14.0,2011.0,"Jan,Apr,Jul,Oct"
731,a,c,12500.0,10.0,2004.0,1,25.0,2011.0,"Mar,Jun,Sept,Dec"
732,a,a,,,,1,10.0,2012.0,"Feb,May,Aug,Nov"
733,a,c,1640.0,10.0,2013.0,0,,,
734,a,a,300.0,,,0,,,
735,a,c,1240.0,10.0,2015.0,1,31.0,2015.0,"Feb,May,Aug,Nov"
736,c,a,1360.0,7.0,2006.0,1,36.0,2011.0,"Mar,Jun,Sept,Dec"
737,a,c,,12.0,2013.0,0,,,
738,a,a,,6.0,2012.0,1,4.0,2013.0,"Feb,May,Aug,Nov"
739,a,c,1880.0,6.0,2012.0,0,,,
740,a,c,,2.0,2014.0,0,,,
741,a,c,1440.0,,,0,,,
742,a,a,1360.0,9.0,2009.0,0,,,
743,d,a,,11.0,2001.0,0,,,
744,a,a,7500.0,2.0,2004.0,1,48.0,2011.0,"Mar,Jun,Sept,Dec"
745,a,a,1740.0,3.0,2000.0,1,41.0,2011.0,"Mar,Jun,Sept,Dec"
746,a,c,1520.0,11.0,2010.0,1,11.0,2012.0,"Feb,May,Aug,Nov"
747,a,c,10500.0,1.0,2009.0,0,,,
748,a,c,14500.0,,,0,,,
749,c,a,1620.0,5.0,2002.0,0,,,
750,c,c,120.0,12.0,2005.0,1,14.0,2012.0,"Feb,May,Aug,Nov"
751,a,c,340.0,11.0,2010.0,0,,,
752,a,c,480.0,11.0,2013.0,1,36.0,2015.0,"Mar,Jun,Sept,Dec"
753,a,a,1540.0,,,1,31.0,2015.0,"Jan,Apr,Jul,Oct"
754,a,a,3000.0,8.0,2001.0,1,47.0,2014.0,"Mar,Jun,Sept,Dec"
755,c,c,18500.0,,,0,,,
756,a,a,780.0,12.0,2000.0,1,40.0,2015.0,"Feb,May,Aug,Nov"
757,a,a,17000.0,1.0,2013.0,0,,,
758,d,c,7000.0,12.0,2001.0,0,,,
759,a,c,180.0,5.0,2013.0,1,8.0,2011.0,"Mar,Jun,Sept,Dec"
760,a,c,1160.0,,,1,41.0,2014.0,"Feb,May,Aug,Nov"
761,c,c,1000.0,8.0,2000.0,1,10.0,2011.0,"Mar,Jun,Sept,Dec"
762,a,a,,,,0,,,
763,a,a,,,,1,40.0,2014.0,"Jan,Apr,Jul,Oct"
764,a,c,,1.0,2006.0,1,11.0,2012.0,"Feb,May,Aug,Nov"
765,d,c,1760.0,11.0,2010.0,0,,,
766,a,a,1640.0,12.0,2004.0,1,1.0,2012.0,"Feb,May,Aug,Nov"
767,a,c,1040.0,2.0,2011.0,0,,,
768,a,a,16000.0,,,1,34.0,2013.0,"Feb,May,Aug,Nov"
769,a,c,300.0,11.0,2004.0,1,39.0,2012.0,"Mar,Jun,Sept,Dec"
770,b,a,900.0,,,1,48.0,2014.0,"Mar,Jun,Sept,Dec"
771,a,a,460.0,3.0,2000.0,1,34.0,2012.0,"Mar,Jun,Sept,Dec"
772,b,a,1640.0,7.0,2004.0,0,,,
773,b,a,1000.0,12.0,2009.0,1,11.0,2015.0,"Feb,May,Aug,Nov"
774,c,c,660.0,11.0,2002.0,1,18.0,2012.0,"Feb,May,Aug,Nov"
775,a,a,1260.0,,,0,,,
776,d,a,,3.0,2010.0,0,,,
777,b,c,1860.0,,,1,51.0,2012.0,"Jan,Apr,Jul,Oct"
778,a,c,,,,1,13.0,2011.0,"Mar,Jun,Sept,Dec"
779,c,a,,,,1,24.0,2012.0,"Feb,May,Aug,Nov"
780,d,a,,3.0,2012.0,1,19.0,2015.0,"Mar,Jun,Sept,Dec"
781,a,a,1160.0,,,1,3.0,2014.0,"Mar,Jun,Sept,Dec"
782,d,c,,10.0,2003.0,0,,,
783,a,a,,,,0,,,
784,b,a,,7.0,2011.0,1,6.0,2015.0,"Feb,May,Aug,Nov"
785,d,a,1160.0,10.0,2001.0,1,18.0,2012.0,"Feb,May,Aug,Nov"
786,a,c,760.0,5.0,2012.0,1,8.0,2014.0,"Jan,Apr,Jul,Oct"
787,c,a,1940.0,5.0,2005.0,0,,,
788,a,c,,3.0,2002.0,1,10.0,2012.0,"Mar,Jun,Sept,Dec"
789,c,a,,,,1,16.0,2015.0,"Mar,Jun,Sept,Dec"
790,b,c,1900.0,3.0,2001.0,1,15.0,2014.0,"Jan,Apr,Jul,Oct"
791,a,a,500.0,8.0,2002.0,0,,,
792,a,a,1400.0,12.0,2015.0,1,1.0,2014.0,"Feb,May,Aug,Nov"
793,a,a,11000.0,,,1,27.0,2011.0,"Mar,Jun,Sept,Dec"
794,a,c,1860.0,,,0,,,
795,a,c,1160.0,9.0,2010.0,1,5.0,2012.0,"Mar,Jun,Sept,Dec"
796,a,a,1140.0,10.0,2010.0,1,16.0,2012.0,"Jan,Apr,Jul,Oct"
797,a,a,200.0,,,1,15.0,2011.0,"Jan,Apr,Jul,Oct"
798,a,c,960.0,,,1,23.0,2011.0,"Feb,May,Aug,Nov"
799,c,c,7500.0,9.0,2008.0,0,,,
800,c,a,800.0,3.0,2004.0,0,,,
801,c,a,,,,0,,,
802,a,c,280.0,4.0,2008.0,0,,,
803,d,c,1960.0,,,1,3.0,2014.0,"Jan,Apr,Jul,Oct"
804,b,c,1640.0,9.0,2014.0,1,27.0,2013.0,"Mar,Jun,Sept,Dec"
805,a,c,,,,1,24.0,2013.0,"Mar,Jun,Sept,Dec"
806,a,a,,3.0,2004.0,0,,,
807,c,a,1800.0,2.0,2014.0,0,,,
808,a,a,4000.0,,,0,,,
809,a,a,10000.0,,,1,7.0,2015.0,"Jan,Apr,Jul,Oct"
810,d,a,1720.0,,,0,,,
811,a,a,620.0,,,1,31.0,2011.0,"Feb,May,Aug,Nov"
812,a,a,1420.0,10.0,2001.0,1,2.0,2012.0,"Mar,Jun,Sept,Dec"
813,d,c,800.0,12.0,2009.0,1,27.0,2014.0,"Jan,Apr,Jul,Oct"
814,b,a,1540.0,1.0,2004.0,0,,,
815,a,a,3000.0,8.0,2006.0,0,,,
816,d,c,700.0,1.0,2003.0,1,15.0,2012.0,"Jan,Apr,Jul,Oct"
817,d,c,840.0,,,1,47.0,2011.0,"Mar,Jun,Sept,Dec"
818,a,c,,11.0,2007.0,0,,,
819,b,c,1260.0,10.0,2014.0,1,13.0,2014.0,"Mar,Jun,Sept,Dec"
820,a,c,660.0,3.0,2010.0,1,9.0,2011.0,"Mar,Jun,Sept,Dec"
821,a,a,11000.0,4.0,2005.0,0,,,
822,b,a,11500.0,10.0,2006.0,0,,,
823,a,c,,10.0,2008.0,0,,,
824,b,a,15000.0,4.0,2003.0,0,,,
825,c,a,,1.0,2008.0,0,,,
826,a,a,1900.0,,,1,4.0,2013.0,"Mar,Jun,Sept,Dec"
827,b,a,960.0,8.0,2003.0,0,,,
828,a,a,,6.0,2009.0,1,51.0,2011.0,"Jan,Apr,Jul,Oct"
829,d,a,880.0,12.0,2011.0,1,2.0,2014.0,"Mar,Jun,Sept,Dec"
830,a,c,980.0,10.0,2008.0,0,,,
831,b,c,,10.0,2004.0,0,,,
832,b,a,,,,1,3.0,2011.0,"Mar,Jun,Sept,Dec"
833,a,c,1120.0,11.0,2012.0,1,38.0,2015.0,"Mar,Jun,Sept,Dec"
834,b,a,12500.0,10.0,2003.0,1,50.0,2014.0,"Feb,May,Aug,Nov"
835,c,c,,5.0,2009.0,0,,,
836,b,c,18000.0,,,0,,,
837,c,a,20.0,10.0,2005.0,0,,,
838,d,c,7000.0,11.0,2006.0,1,19.0,2012.0,"Mar,Jun,Sept,Dec"
839,a,c,580.0,,,1,13.0,2013.0,"Mar,Jun,Sept,Dec"
840,a,c,,1.0,2005.0,1,5.0,2011.0,"Feb,May,Aug,Nov"
841,a,c,240.0,8.0,2009.0,1,44.0,2015.0,"Feb,May,Aug,Nov"
842,c,c,,9.0,2002.0,0,,,
843,a,a,600.0,1.0,2014.0,1,5.0,2013.0,"Feb,May,Aug,Nov"
844,a,c,1400.0,,,0,,,
845,a,c,780.0,3.0,2012.0,1,9.0,2014.0,"Feb,May,Aug,Nov"
846,d,c,19500.0,11.0,2009.0,1,8.0,2014.0,"Feb,May,Aug,Nov"
847,a,a,1300.0,7.0,2005.0,1,20.0,2011.0,"Mar,Jun,Sept,Dec"
848,c,c,13500.0,4.0,2005.0,0,,,
849,a,a,240.0,,,1,45.0,2014.0,"Jan,Apr,Jul,Oct"
850,d,c,1500.0,1.0,2013.0,1,37.0,2015.0,"Mar,Jun,Sept,Dec"
851,a,a,,,,0,,,
852,a,c,,5.0,2013.0,0,,,
853,d,c,700.0,11.0,2013.0,1,46.0,2013.0,"Feb,May,Aug,Nov"
854,d,a,1320.0,3.0,2001.0,0,,,
855,a,a,1360.0,,,0,,,
856,a,a,1880.0,12.0,2011.0,0,,,
857,c,c,1780.0,2.0,2013.0,0,,,
858,d,c,360.0,,,0,,,
859,a,a,15000.0,12.0,2010.0,1,19.0,2012.0,"Jan,Apr,Jul,Oct"
860,a,a,760.0,4.0,2015.0,0,,,
861,c,a,1040.0,1.0,2005.0,1,7.0,2014.0,"Mar,Jun,Sept,Dec"
862,c,a,,,,0,,,
863,c,c,9000.0,6.0,2015.0,0,,,
864,b,c,1320.0,1.0,2004.0,0,,,
865,a,a,,11.0,2007.0,1,23.0,2012.0,"Mar,Jun,Sept,Dec"
866,d,c,1320.0,9.0,2007.0,1,49.0,2015.0,"Feb,May,Aug,Nov"
867,d,a,1880.0,1.0,2008.0,0,,,
868,c,c,820.0,4.0,2004.0,0,,,
869,a,a,620.0,1.0,2010.0,0,,,
870,a,c,1640.0,12.0,2011.0,0,,,
871,c,c,1860.0,,,1,27.0,2015.0,"Feb,May,Aug,Nov"
872,a,a,18500.0,10.0,2007.0,0,,,
873,d,c,1300.0,7.0,2000.0,1,33.0,2015.0,"Mar,Jun,Sept,Dec"
874,a,c,,,,1,40.0,2012.0,"Mar,Jun,Sept,Dec"
875,c,a,2500.0,,,1,47.0,2015.0,"Jan,Apr,Jul,Oct"
876,d,a,240.0,11.0,2008.0,1,16.0,2013.0,"Mar,Jun,Sept,Dec"
877,a,c,13000.0,2.0,2009.0,0,,,
878,a,a,1900.0,1.0,2014.0,1,2.0,2015.0,"Mar,Jun,Sept,Dec"
879,b,a,1300.0,2.0,2011.0,0,,,
880,b,a,1560.0,9.0,2012.0,1,47.0,2012.0,"Feb,May,Aug,Nov"
881,a,c,1000.0,7.0,2011.0,1,34.0,2015.0,"Mar,Jun,Sept,Dec"
882,b,a,3000.0,2.0,2007.0,0,,,
883,d,a,1880.0,3.0,2010.0,1,32.0,2013.0,"Feb,May,Aug,Nov"
884,a,c,1480.0,7.0,2004.0,0,,,
885,a,a,960.0,9.0,2014.0,0,,,
886,a,c,1320.0,5.0,2002.0,1,12.0,2011.0,"Jan,Apr,Jul,Oct"
887,a,a,1660.0,,,0,,,
888,a,c,1560.0,,,1,11.0,2013.0,"Jan,Apr,Jul,Oct"
889,a,c,1040.0,10.0,2002.0,1,24.0,2011.0,"Feb,May,Aug,Nov"
890,c,a,1940.0,6.0,2011.0,1,49.0,2012.0,"Feb,May,Aug,Nov"
891,a,c,760.0,11.0,2015.0,0,,,
892,d,a,1660.0,9.0,2009.0,0,,,
893,a,a,420.0,7.0,2005.0,1,51.0,2013.0,"Jan,Apr,Jul,Oct"
894,a,a,1560.0,6.0,2014.0,0,,,
895,c,c,17000.0,10.0,2008.0,1,50.0,2013.0,"Jan,Apr,Jul,Oct"
896,d,a,19500.0,7.0,2001.0,0,,,
897,a,a,9500.0,3.0,2003.0,0,,,
898,a,a,14000.0,12.0,2010.0,1,50.0,2014.0,"Jan,Apr,Jul,Oct"
899,a,a,220.0,1.0,2007.0,1,32.0,2015.0,"Jan,Apr,Jul,Oct"
900,a,a,1140.0,,,1,32.0,2011.0,"Mar,Jun,Sept,Dec"
901,a,a,6000.0,8.0,2012.0,1,39.0,2014.0,"Mar,Jun,Sept,Dec"
902,a,a,18500.0,8.0,2001.0,0,,,
903,a,a,1940.0,1.0,2003.0,0,,,
904,a,c,,6.0,2007.0,0,,,
905,d,a,920.0,11.0,2000.0,1,25.0,2012.0,"Feb,May,Aug,Nov"
906,b,c,520.0,3.0,2006.0,0,,,
907,a,a,300.0,,,1,14.0,2013.0,"Jan,Apr,Jul,Oct"
908,a,a,1940.0,11.0,2015.0,0,,,
909,a,a,7000.0,12.0,2013.0,1,1.0,2014.0,"Feb,May,Aug,Nov"
910,a,a,960.0,7.0,2005.0,1,2.0,2015.0,"Mar,Jun,Sept,Dec"
911,c,a,17000.0,4.0,2001.0,1,51.0,2013.0,"Feb,May,Aug,Nov"
912,d,c,13000.0,9.0,2013.0,0,,,
913,d,a,1200.0,,,1,45.0,2011.0,"Feb,May,Aug,Nov"
914,d,b,800.0,8.0,2011.0,0,,,
915,d,c,13500.0,9.0,2001.0,0,,,
916,d,a,7500.0,9.0,2010.0,0,,,
917,a,a,580.0,3.0,2009.0,0,,,
918,a,a,860.0,10.0,2014.0,1,39.0,2014.0,"Jan,Apr,Jul,Oct"
919,a,a,1620.0,7.0,2001.0,0,,,
920,b,a,1700.0,12.0,2006.0,0,,,
921,a,c,560.0,8.0,2015.0,1,23.0,2012.0,"Feb,May,Aug,Nov"
922,c,c,,11.0,2006.0,1,16.0,2013.0,"Feb,May,Aug,Nov"
923,b,a,1300.0,,,1,42.0,2011.0,"Feb,May,Aug,Nov"
924,a,c,1260.0,,,1,52.0,2014.0,"Feb,May,Aug,Nov"
925,a,c,200.0,,,0,,,
926,a,a,,,,1,41.0,2015.0,"Jan,Apr,Jul,Oct"
927,a,c,780.0,,,0,,,
928,d,c,,,,0,,,
929,b,c,1640.0,6.0,2010.0,0,,,
930,c,c,,,,1,47.0,2015.0,"Mar,Jun,Sept,Dec"
931,a,a,600.0,,,0,,,
932,a,a,560.0,6.0,2005.0,1,21.0,2014.0,"Jan,Apr,Jul,Oct"
933,a,c,18500.0,2.0,2013.0,0,,,
934,c,a,,9.0,2003.0,0,,,
935,c,a,1800.0,,,0,,,
936,a,c,120.0,1.0,2007.0,0,,,
937,d,a,,,,0,,,
938,a,a,1300.0,,,1,45.0,2011.0,"Jan,Apr,Jul,Oct"
939,d,c,,,,1,6.0,2011.0,"Feb,May,Aug,Nov"
940,a,a,,5.0,2004.0,0,,,
941,a,a,,7.0,2008.0,1,15.0,2015.0,"Mar,Jun,Sept,Dec"
942,c,c,9000.0,,,0,,,
943,a,a,8000.0,,,0,,,
944,a,a,1760.0,,,0,,,
945,a,a,100.0,8.0,2010.0,0,,,
946,a,c,1280.0,3.0,2012.0,0,,,
947,c,a,12500.0,3.0,2004.0,1,6.0,2013.0,"Jan,Apr,Jul,Oct"
948,d,a,19500.0,,,0,,,
949,d,a,1860.0,9.0,2007.0,1,46.0,2011.0,"Mar,Jun,Sept,Dec"
950,a,a,11000.0,9.0,2010.0,0,,,
951,a,c,80.0,,,1,12.0,2011.0,"Jan,Apr,Jul,Oct"
952,a,a,1560.0,9.0,2002.0,1,29.0,2013.0,"Feb,May,Aug,Nov"
953,a,c,1680.0,11.0,2012.0,0,,,
954,a,a,,3.0,2005.0,0,,,
955,d,a,1040.0,,,1,1.0,2014.0,"Mar,Jun,Sept,Dec"
956,d,c,760.0,12.0,2011.0,1,26.0,2011.0,"Mar,Jun,Sept,Dec"
957,c,a,1180.0,7.0,2015.0,1,38.0,2013.0,"Feb,May,Aug,Nov"
958,a,a,580.0,10.0,2010.0,0,,,
959,a,c,1860.0,4.0,2008.0,1,14.0,2013.0,"Jan,Apr,Jul,Oct"
960,a,a,5500.0,,,0,,,
961,a,b,18500.0,3.0,2006.0,0,,,
962,a,c,,3.0,2013.0,1,9.0,2013.0,"Mar,Jun,Sept,Dec"
963,a,a,260.0,6.0,2006.0,0,,,
964,a,a,820.0,2.0,2000.0,1,10.0,2013.0,"Feb,May,Aug,Nov"
965,d,a,1000.0,11.0,2003.0,1,52.0,2011.0,"Jan,Apr,Jul,Oct"
966,a,a,840.0,,,0,,,
967,d,a,,11.0,2010.0,1,7.0,2011.0,"Feb,May,Aug,Nov"
968,a,c,480.0,7.0,2015.0,0,,,
969,b,a,100.0,4.0,2014.0,0,,,
970,a,c,,7.0,2008.0,0,,,
971,a,a,,,,1,45.0,2011.0,"Feb,May,Aug,Nov"
972,a,a,760.0,10.0,2012.0,0,,,
973,a,a,1100.0,,,0,,,
974,d,c,1680.0,2.0,2009.0,1,1.0,2011.0,"Jan,Apr,Jul,Oct"
975,a,a,1740.0,7.0,2007.0,1,14.0,2015.0,"Mar,Jun,Sept,Dec"
976,b,a,,7.0,2012.0,1,31.0,2015.0,"Feb,May,Aug,Nov"
977,a,c,1340.0,3.0,2012.0,1,43.0,2015.0,"Feb,May,Aug,Nov"
978,a,c,60.0,,,0,,,
979,a,a,1400.0,10.0,2010.0,1,15.0,2013.0,"Mar,Jun,Sept,Dec"
980,a,c,1840.0,4.0,2011.0,1,13.0,2012.0,"Jan,Apr,Jul,Oct"
981,d,a,1720.0,7.0,2009.0,1,1.0,2013.0,"Feb,May,Aug,Nov"
982,c,a,1700.0,3.0,2003.0,1,1.0,2012.0,"Jan,Apr,Jul,Oct"
983,c,a,,,,0,,,
984,a,a,19000.0,,,0,,,
985,a,a,840.0,5.0,2009.0,1,1.0,2012.0,"Feb,May,Aug,Nov"
986,d,c,1180.0,,,0,,,
987,a,a,7500.0,,,0,,,
988,a,c,1360.0,8.0,2015.0,0,,,
989,a,c,1420.0,3.0,2010.0,1,34.0,2012.0,"Feb,May,Aug,Nov"
990,c,c,560.0,6.0,2003.0,1,28.0,2011.0,"Feb,May,Aug,Nov"
991,b,c,840.0,,,1,31.0,2011.0,"Mar,Jun,Sept,Dec"
992,c,c,13500.0,,,1,20.0,2013.0,"Feb,May,Aug,Nov"
993,c,c,,2.0,2006.0,1,11.0,2015.0,"Mar,Jun,Sept,Dec"
994,a,a,17000.0,,,1,20.0,2012.0,"Jan,Apr,Jul,Oct"
995,d,a,1020.0,,,0,,,
996,a,a,460.0,9.0,2003.0,1,35.0,2012.0,"Mar,Jun,Sept,Dec"
997,b,b,540.0,10.0,2001.0,0,,,
998,a,a,1300.0,,,0,,,
999,d,c,1720.0,,,0,,,
1000,a,a,,7.0,2011.0,1,33.0,2014.0,"Mar,Jun,Sept,Dec"
1001,a,c,,1.0,2003.0,1,46.0,2012.0,"Feb,May,Aug,Nov"
1002,a,a,20.0,8.0,2002.0,1,34.0,2013.0,"Jan,Apr,Jul,Oct"
1003,a,a,10500.0,4.0,2011.0,1,31.0,2013.0,"Jan,Apr,Jul,Oct"
1004,a,a,1000.0,10.0,2002.0,1,12.0,2012.0,"Feb,May,Aug,Nov"
1005,b,a,660.0,6.0,2001.0,0,,,
1006,a,a,1840.0,11.0,2007.0,1,24.0,2013.0,"Feb,May,Aug,Nov"
1007,d,a,120.0,8.0,2009.0,1,14.0,2011.0,"Mar,Jun,Sept,Dec"
1008,a,a,1120.0,7.0,2003.0,1,26.0,2013.0,"Mar,Jun,Sept,Dec"
1009,c,a,1840.0,12.0,2003.0,0,,,
1010,a,a,900.0,,,0,,,
1011,b,a,1960.0,5.0,2005.0,1,37.0,2012.0,"Mar,Jun,Sept,Dec"
1012,b,a,1520.0,5.0,2000.0,0,,,
1013,a,a,18000.0,11.0,2000.0,0,,,
1014,d,a,600.0,10.0,2005.0,0,,,
1015,a,a,200.0,2.0,2000.0,0,,,
1016,a,a,1760.0,6.0,2005.0,0,,,
1017,b,c,860.0,5.0,2009.0,1,2.0,2012.0,"Mar,Jun,Sept,Dec"
1018,c,c,10500.0,8.0,2000.0,1,37.0,2014.0,"Feb,May,Aug,Nov"
1019,a,c,320.0,1.0,2009.0,1,43.0,2014.0,"Jan,Apr,Jul,Oct"
1020,a,a,1900.0,9.0,2009.0,0,,,
1021,d,b,,,,0,,,
1022,c,a,320.0,,,0,,,
1023,d,c,1000.0,2.0,2012.0,0,,,
1024,a,c,,8.0,2001.0,0,,,
1025,b,c,1780.0,4.0,2002.0,1,33.0,2015.0,"Feb,May,Aug,Nov"
1026,a,c,580.0,12.0,2005.0,1,5.0,2011.0,"Mar,Jun,Sept,Dec"
1027,d,a,720.0,10.0,2011.0,1,6.0,2013.0,"Feb,May,Aug,Nov"
1028,a,c,15500.0,12.0,2013.0,0,,,
1029,c,c,,7.0,2014.0,0,,,
1030,a,a,1200.0,12.0,2009.0,0,,,
1031,b,c,1580.0,1.0,2006.0,0,,,
1032,c,a,17000.0,,,0,,,
1033,a,c,600.0,,,0,,,
1034,d,c,700.0,9.0,2007.0,1,9.0,2013.0,"Feb,May,Aug,Nov"
1035,a,a,16000.0,7.0,2008.0,1,17.0,2011.0,"Feb,May,Aug,Nov"
1036,b,c,620.0,4.0,2003.0,0,,,
1037,a,a,16000.0,4.0,2012.0,0,,,
1038,a,c,1660.0,8.0,2012.0,0,,,
1039,a,c,,3.0,2004.0,0,,,
1040,a,c,120.0,7.0,2014.0,1,33.0,2014.0,"Jan,Apr,Jul,Oct"
1041,a,c,,,,1,35.0,2013.0,"Feb,May,Aug,Nov"
1042,b,a,760.0,3.0,2014.0,1,27.0,2013.0,"Jan,Apr,Jul,Oct"
1043,b,a,120.0,3.0,2012.0,1,28.0,2015.0,"Mar,Jun,Sept,Dec"
1044,b,a,12000.0,5.0,2003.0,0,,,
1045,a,a,1760.0,8.0,2010.0,0,,,
1046,a,a,,4.0,2004.0,0,,,
1047,a,a,360.0,5.0,2012.0,0,,,
1048,c,a,280.0,7.0,2002.0,1,7.0,2014.0,"Jan,Apr,Jul,Oct"
1049,d,a,1880.0,3.0,2003.0,0,,,
1050,a,c,,7.0,2004.0,0,,,
1051,b,a,1340.0,,,0,,,
1052,a,c,18000.0,2.0,2005.0,0,,,
1053,a,a,,3.0,2009.0,1,41.0,2015.0,"Mar,Jun,Sept,Dec"
1054,a,a,,4.0,2010.0,0,,,
1055,a,a,1680.0,1.0,2008.0,0,,,
1056,b,a,10000.0,12.0,2003.0,0,,,
1057,d,a,1740.0,,,1,18.0,2015.0,"Feb,May,Aug,Nov"
1058,a,a,8000.0,10.0,2014.0,1,38.0,2012.0,"Feb,May,Aug,Nov"
1059,a,a,1880.0,11.0,2004.0,1,46.0,2011.0,"Jan,Apr,Jul,Oct"
1060,c,a,1740.0,10.0,2001.0,0,,,
1061,d,c,1460.0,10.0,2007.0,0,,,
1062,b,a,6000.0,2.0,2000.0,1,43.0,2012.0,"Feb,May,Aug,Nov"
1063,a,c,14000.0,5.0,2005.0,0,,,
1064,b,a,,9.0,2013.0,0,,,
1065,a,c,3000.0,7.0,2004.0,1,14.0,2011.0,"Mar,Jun,Sept,Dec"
1066,d,c,340.0,1.0,2011.0,0,,,
1067,a,c,1940.0,7.0,2007.0,0,,,
1068,c,c,1060.0,10.0,2005.0,1,42.0,2011.0,"Jan,Apr,Jul,Oct"
1069,a,a,100.0,,,0,,,
1070,a,a,240.0,5.0,2009.0,0,,,
1071,d,a,1960.0,3.0,2005.0,0,,,
1072,b,c,,4.0,2003.0,1,4.0,2011.0,"Mar,Jun,Sept,Dec"
1073,a,c,1680.0,4.0,2014.0,0,,,
1074,d,a,1480.0,5.0,2002.0,0,,,
1075,d,c,300.0,4.0,2015.0,1,44.0,2012.0,"Feb,May,Aug,Nov"
1076,a,a,8000.0,6.0,2007.0,1,1.0,2012.0,"Mar,Jun,Sept,Dec"
1077,a,c,200.0,,,1,20.0,2015.0,"Mar,Jun,Sept,Dec"
1078,a,c,,4.0,2005.0,0,,,
1079,b,a,19500.0,4.0,2009.0,0,,,
1080,a,c,,2.0,2009.0,1,34.0,2015.0,"Mar,Jun,Sept,Dec"
1081,a,c,940.0,11.0,2005.0,1,27.0,2015.0,"Mar,Jun,Sept,Dec"
1082,d,a,540.0,9.0,2003.0,0,,,
1083,d,a,1000.0,11.0,2008.0,1,23.0,2011.0,"Feb,May,Aug,Nov"
1084,c,a,18000.0,7.0,2010.0,0,,,
1085,d,c,740.0,2.0,2004.0,1,36.0,2014.0,"Jan,Apr,Jul,Oct"
1086,c,a,,11.0,2012.0,1,3.0,2011.0,"Feb,May,Aug,Nov"
1087,c,c,520.0,,,0,,,
1088,c,c,180.0,9.0,2002.0,1,18.0,2012.0,"Jan,Apr,Jul,Oct"
1089,a,a,740.0,5.0,2015.0,1,23.0,2014.0,"Feb,May,Aug,Nov"
1090,a,a,14500.0,,,0,,,
1091,a,c,2000.0,6.0,2010.0,0,,,
1092,b,c,1180.0,4.0,2007.0,1,34.0,2014.0,"Mar,Jun,Sept,Dec"
1093,a,a,6500.0,7.0,2010.0,0,,,
1094,a,a,6000.0,,,0,,,
1095,b,a,1840.0,1.0,2010.0,0,,,
1096,a,c,1700.0,2.0,2010.0,1,31.0,2014.0,"Jan,Apr,Jul,Oct"
1097,a,a,340.0,,,0,,,
1098,c,c,860.0,7.0,2011.0,1,8.0,2013.0,"Jan,Apr,Jul,Oct"
1099,d,a,1760.0,,,0,,,
1100,a,c,460.0,,,0,,,
1101,a,a,1580.0,,,1,31.0,2015.0,"Mar,Jun,Sept,Dec"
1102,a,a,400.0,11.0,2003.0,0,,,
1103,c,c,17000.0,8.0,2009.0,0,,,
1104,c,c,360.0,4.0,2008.0,0,,,
1105,a,a,320.0,7.0,2001.0,1,12.0,2013.0,"Jan,Apr,Jul,Oct"
1106,c,a,5000.0,3.0,2003.0,0,,,
1107,a,a,740.0,,,0,,,
1108,a,a,1160.0,9.0,2011.0,0,,,
1109,d,a,1040.0,2.0,2012.0,0,,,
1110,a,c,720.0,9.0,2003.0,0,,,
1111,a,a,15000.0,8.0,2001.0,1,47.0,2014.0,"Feb,May,Aug,Nov"
1112,a,c,9500.0,4.0,2004.0,0,,,
1113,b,a,800.0,1.0,2013.0,0,,,
1114,d,a,9000.0,,,1,24.0,2015.0,"Jan,Apr,Jul,Oct"
1115,d,c,11000.0,10.0,2012.0,1,25.0,2011.0,"Jan,Apr,Jul,Oct"
