Store,DayOfWeek,Date,Sales,Customers,Open,Promo,StateHoliday,SchoolHoliday
1,5,2015-07-31,5263,555,1,1,0,1
2,5,2015-07-31,6064,625,1,1,0,1
3,5,2015-07-31,8314,821,1,1,0,1
4,5,2015-07-31,13995,1498,1,1,0,1
5,5,2015-07-31,4822,559,1,1,0,1
6,5,2015-07-31,5651,589,1,1,0,1
7,5,2015-07-31,15344,1414,1,1,0,1
8,5,2015-07-31,8492,833,1,1,0,1
9,5,2015-07-31,8565,687,1,1,0,1
10,5,2015-07-31,7185,681,1,1,0,1
11,5,2015-07-31,10457,1236,1,1,0,1
12,5,2015-07-31,8959,962,1,1,0,1
13,5,2015-07-31,8821,568,1,1,0,0
14,5,2015-07-31,6544,710,1,1,0,1
15,5,2015-07-31,9191,766,1,1,0,1
16,5,2015-07-31,10231,979,1,1,0,1
17,5,2015-07-31,8430,946,1,1,0,1
18,5,2015-07-31,10071,936,1,1,0,1
19,5,2015-07-31,8234,718,1,1,0,1
20,5,2015-07-31,9593,974,1,1,0,0
21,5,2015-07-31,9515,682,1,1,0,1
22,5,2015-07-31,6566,633,1,1,0,0
23,5,2015-07-31,7273,560,1,1,0,1
24,5,2015-07-31,14190,1082,1,1,0,1
25,5,2015-07-31,14180,1586,1,1,0,1
26,5,2015-07-31,7818,611,1,1,0,1
27,5,2015-07-31,13213,1263,1,1,0,1
28,5,2015-07-31,7301,663,1,1,0,1
29,5,2015-07-31,9411,737,1,1,0,1
30,5,2015-07-31,4776,625,1,1,0,1
31,5,2015-07-31,7248,645,1,1,0,1
32,5,2015-07-31,6395,635,1,1,0,0
33,5,2015-07-31,10789,915,1,1,0,1
34,5,2015-07-31,11144,1162,1,1,0,1
35,5,2015-07-31,12412,777,1,1,0,1
36,5,2015-07-31,12422,1251,1,1,0,0
37,5,2015-07-31,9091,888,1,1,0,1
38,5,2015-07-31,7434,608,1,1,0,1
39,5,2015-07-31,8336,929,1,1,0,1
40,5,2015-07-31,5464,678,1,1,0,1
41,5,2015-07-31,6938,494,1,1,0,0
42,5,2015-07-31,11946,1235,1,1,0,1
43,5,2015-07-31,8096,683,1,1,0,1
44,5,2015-07-31,6670,665,1,1,0,1
45,5,2015-07-31,6301,442,1,1,0,1
46,5,2015-07-31,7628,775,1,1,0,0
47,5,2015-07-31,9379,1021,1,1,0,1
48,5,2015-07-31,3874,390,1,1,0,1
49,5,2015-07-31,10310,666,1,1,0,1
50,5,2015-07-31,5729,441,1,1,0,1
51,5,2015-07-31,9198,610,1,1,0,0
52,5,2015-07-31,8031,527,1,1,0,0
53,5,2015-07-31,7540,690,1,1,0,1
54,5,2015-07-31,10732,889,1,1,0,1
55,5,2015-07-31,6096,673,1,1,0,1
56,5,2015-07-31,10022,619,1,1,0,1
57,5,2015-07-31,11594,1025,1,1,0,1
58,5,2015-07-31,8581,603,1,1,0,0
59,5,2015-07-31,7148,628,1,1,0,1
60,5,2015-07-31,9762,776,1,1,0,1
61,5,2015-07-31,5572,665,1,1,0,1
62,5,2015-07-31,7495,772,1,1,0,1
63,5,2015-07-31,11525,846,1,1,0,1
64,5,2015-07-31,13251,935,1,1,0,1
65,5,2015-07-31,7156,561,1,1,0,1
66,5,2015-07-31,8306,636,1,1,0,1
67,5,2015-07-31,11035,912,1,1,0,1
68,5,2015-07-31,11187,1341,1,1,0,1
69,5,2015-07-31,11204,1371,1,1,0,1
70,5,2015-07-31,8613,741,1,1,0,1
71,5,2015-07-31,11545,869,1,1,0,1
72,5,2015-07-31,5251,520,1,1,0,0
73,5,2015-07-31,6026,537,1,1,0,1
74,5,2015-07-31,7518,929,1,1,0,1
75,5,2015-07-31,7444,807,1,1,0,1
76,5,2015-07-31,12887,1228,1,1,0,0
77,5,2015-07-31,10335,780,1,1,0,1
78,5,2015-07-31,5712,610,1,1,0,1
79,5,2015-07-31,7150,643,1,1,0,1
80,5,2015-07-31,9810,675,1,1,0,1
81,5,2015-07-31,9279,640,1,1,0,0
82,5,2015-07-31,11492,1035,1,1,0,1
83,5,2015-07-31,3866,327,1,1,0,1
84,5,2015-07-31,14949,1439,1,1,0,1
85,5,2015-07-31,7791,971,1,1,0,1
86,5,2015-07-31,5572,678,1,1,0,1
87,5,2015-07-31,6379,715,1,1,0,1
88,5,2015-07-31,7863,776,1,1,0,1
89,5,2015-07-31,7295,716,1,1,0,0
90,5,2015-07-31,11495,1295,1,1,0,1
91,5,2015-07-31,6164,554,1,1,0,1
92,5,2015-07-31,8227,701,1,1,0,1
93,5,2015-07-31,6548,715,1,1,0,1
94,5,2015-07-31,8372,694,1,1,0,1
95,5,2015-07-31,8445,920,1,1,0,1
96,5,2015-07-31,6370,612,1,1,0,1
97,5,2015-07-31,8380,802,1,1,0,1
98,5,2015-07-31,7012,512,1,1,0,1
99,5,2015-07-31,6571,507,1,1,0,0
100,5,2015-07-31,10280,764,1,1,0,0
101,5,2015-07-31,11075,915,1,1,0,1
102,5,2015-07-31,12602,1414,1,1,0,1
103,5,2015-07-31,5425,453,1,1,0,1
104,5,2015-07-31,10483,1223,1,1,0,1
105,5,2015-07-31,6456,595,1,1,0,1
106,5,2015-07-31,10845,958,1,1,0,1
107,5,2015-07-31,9194,1021,1,1,0,1
108,5,2015-07-31,14927,992,1,1,0,0
109,5,2015-07-31,9013,864,1,1,0,1
110,5,2015-07-31,6058,745,1,1,0,1
111,5,2015-07-31,8897,698,1,1,0,1
112,5,2015-07-31,7834,817,1,1,0,1
113,5,2015-07-31,8453,735,1,1,0,0
114,5,2015-07-31,5750,620,1,1,0,1
115,5,2015-07-31,9716,674,1,1,0,0
116,5,2015-07-31,8083,770,1,1,0,1
117,5,2015-07-31,4487,507,1,1,0,1
118,5,2015-07-31,10779,797,1,1,0,1
119,5,2015-07-31,7038,684,1,1,0,1
120,5,2015-07-31,10392,794,1,1,0,1
121,5,2015-07-31,4565,549,1,1,0,1
122,5,2015-07-31,12336,1327,1,1,0,1
123,5,2015-07-31,10750,1108,1,1,0,1
124,5,2015-07-31,7464,780,1,1,0,1
125,5,2015-07-31,18227,2041,1,1,0,1
126,5,2015-07-31,8742,734,1,1,0,1
127,5,2015-07-31,8560,848,1,1,0,0
128,5,2015-07-31,9581,694,1,1,0,1
129,5,2015-07-31,10241,1286,1,1,0,0
130,5,2015-07-31,5404,545,1,1,0,1
131,5,2015-07-31,5291,524,1,1,0,1
132,5,2015-07-31,10387,743,1,1,0,0
133,5,2015-07-31,8519,876,1,1,0,1
134,5,2015-07-31,4872,501,1,1,0,1
135,5,2015-07-31,7475,619,1,1,0,1
136,5,2015-07-31,9568,619,1,1,0,0
137,5,2015-07-31,9047,1121,1,1,0,0
138,5,2015-07-31,10130,866,1,1,0,1
139,5,2015-07-31,7972,564,1,1,0,0
140,5,2015-07-31,9828,1085,1,1,0,1
141,5,2015-07-31,8689,813,1,1,0,1
142,5,2015-07-31,5283,614,1,1,0,1
143,5,2015-07-31,8382,720,1,1,0,1
144,5,2015-07-31,8568,817,1,1,0,0
145,5,2015-07-31,10893,1343,1,1,0,0
146,5,2015-07-31,10130,784,1,1,0,1
147,5,2015-07-31,11338,1007,1,1,0,1
148,5,2015-07-31,9996,848,1,1,0,1
149,5,2015-07-31,7144,615,1,1,0,0
150,5,2015-07-31,10826,975,1,1,0,1
151,5,2015-07-31,10607,853,1,1,0,1
152,5,2015-07-31,6901,694,1,1,0,1
153,5,2015-07-31,8392,638,1,1,0,1
154,5,2015-07-31,10751,792,1,1,0,1
155,5,2015-07-31,8658,765,1,1,0,0
156,5,2015-07-31,8828,821,1,1,0,1
157,5,2015-07-31,10975,1060,1,1,0,1
158,5,2015-07-31,11335,636,1,1,0,1
159,5,2015-07-31,9758,812,1,1,0,0
160,5,2015-07-31,7839,670,1,1,0,1
161,5,2015-07-31,9373,924,1,1,0,1
162,5,2015-07-31,10735,658,1,1,0,1
163,5,2015-07-31,7118,823,1,1,0,1
164,5,2015-07-31,9240,792,1,1,0,0
165,5,2015-07-31,5009,501,1,1,0,0
166,5,2015-07-31,6588,898,1,1,0,1
167,5,2015-07-31,13355,1352,1,1,0,1
168,5,2015-07-31,11285,957,1,1,0,1
169,5,2015-07-31,7551,657,1,1,0,1
170,5,2015-07-31,5915,589,1,1,0,1
171,5,2015-07-31,8733,848,1,1,0,1
172,5,2015-07-31,7780,891,1,1,0,0
173,5,2015-07-31,11034,1145,1,1,0,1
174,5,2015-07-31,6546,544,1,1,0,0
175,5,2015-07-31,7893,754,1,1,0,1
176,5,2015-07-31,7157,734,1,1,0,1
177,5,2015-07-31,5012,525,1,1,0,1
178,5,2015-07-31,12816,1070,1,1,0,1
179,5,2015-07-31,10635,1183,1,1,0,1
180,5,2015-07-31,9708,910,1,1,0,1
181,5,2015-07-31,8398,801,1,1,0,0
182,5,2015-07-31,6755,491,1,1,0,1
183,5,2015-07-31,5588,714,1,1,0,0
184,5,2015-07-31,8190,652,1,1,0,1
185,5,2015-07-31,7958,602,1,1,0,1
186,5,2015-07-31,4957,447,1,1,0,0
187,5,2015-07-31,8074,907,1,1,0,1
188,5,2015-07-31,9660,746,1,1,0,1
189,5,2015-07-31,11094,940,1,1,0,1
190,5,2015-07-31,9772,821,1,1,0,0
191,5,2015-07-31,8592,801,1,1,0,0
192,5,2015-07-31,16191,1027,1,1,0,0
193,5,2015-07-31,5904,813,1,1,0,1
194,5,2015-07-31,6708,518,1,1,0,1
195,5,2015-07-31,13443,1403,1,1,0,1
196,5,2015-07-31,6784,780,1,1,0,1
197,5,2015-07-31,10136,1054,1,1,0,1
198,5,2015-07-31,3824,473,1,1,0,1
199,5,2015-07-31,10260,756,1,1,0,1
200,5,2015-07-31,11177,1122,1,1,0,1
201,5,2015-07-31,6625,544,1,1,0,1
202,5,2015-07-31,7940,627,1,1,0,1
203,5,2015-07-31,8132,960,1,1,0,1
204,5,2015-07-31,7189,655,1,1,0,0
205,5,2015-07-31,8665,969,1,1,0,1
206,5,2015-07-31,10354,1004,1,1,0,1
207,5,2015-07-31,13957,1436,1,1,0,1
208,5,2015-07-31,3994,508,1,1,0,1
209,5,2015-07-31,8912,830,1,1,0,1
210,5,2015-07-31,4275,409,1,1,0,1
211,5,2015-07-31,17286,1659,1,1,0,1
212,5,2015-07-31,6049,471,1,1,0,1
213,5,2015-07-31,10485,754,1,1,0,1
214,5,2015-07-31,11117,805,1,1,0,1
215,5,2015-07-31,9660,705,1,1,0,0
216,5,2015-07-31,10252,1077,1,1,0,1
217,5,2015-07-31,6940,759,1,1,0,1
218,5,2015-07-31,5685,768,1,1,0,0
219,5,2015-07-31,3511,433,1,1,0,1
220,5,2015-07-31,5324,687,1,1,0,1
221,5,2015-07-31,7750,651,1,1,0,1
222,5,2015-07-31,6468,627,1,1,0,1
223,5,2015-07-31,10141,898,1,1,0,1
224,5,2015-07-31,9423,594,1,1,0,1
225,5,2015-07-31,7849,682,1,1,0,1
226,5,2015-07-31,8052,730,1,1,0,1
227,5,2015-07-31,7186,595,1,1,0,1
228,5,2015-07-31,10369,689,1,1,0,1
229,5,2015-07-31,13016,937,1,1,0,1
230,5,2015-07-31,10988,1091,1,1,0,1
231,5,2015-07-31,8353,614,1,1,0,0
232,5,2015-07-31,5738,469,1,1,0,1
233,5,2015-07-31,12157,1148,1,1,0,1
234,5,2015-07-31,13943,1088,1,1,0,1
235,5,2015-07-31,6756,548,1,1,0,1
236,5,2015-07-31,10336,1086,1,1,0,1
237,5,2015-07-31,4879,564,1,1,0,1
238,5,2015-07-31,11530,1372,1,1,0,1
239,5,2015-07-31,6757,523,1,1,0,1
240,5,2015-07-31,5195,474,1,1,0,1
241,5,2015-07-31,8650,763,1,1,0,1
242,5,2015-07-31,5056,451,1,1,0,1
243,5,2015-07-31,11404,1249,1,1,0,0
244,5,2015-07-31,6461,635,1,1,0,1
245,5,2015-07-31,10778,1139,1,1,0,1
246,5,2015-07-31,10031,1131,1,1,0,1
247,5,2015-07-31,11660,839,1,1,0,1
248,5,2015-07-31,11444,1228,1,1,0,1
249,5,2015-07-31,7053,630,1,1,0,1
250,5,2015-07-31,13232,887,1,1,0,1
251,5,2015-07-31,22205,2508,1,1,0,1
252,5,2015-07-31,13647,954,1,1,0,1
253,5,2015-07-31,8801,906,1,1,0,1
254,5,2015-07-31,4239,315,1,1,0,1
255,5,2015-07-31,8711,739,1,1,0,1
256,5,2015-07-31,11536,1185,1,1,0,1
257,5,2015-07-31,6874,749,1,1,0,1
258,5,2015-07-31,6763,601,1,1,0,0
259,5,2015-07-31,14096,2628,1,1,0,1
260,5,2015-07-31,6849,835,1,1,0,1
261,5,2015-07-31,13470,989,1,1,0,1
262,5,2015-07-31,25774,3669,1,1,0,1
263,5,2015-07-31,5216,440,1,1,0,0
264,5,2015-07-31,8303,992,1,1,0,1
265,5,2015-07-31,7502,655,1,1,0,1
266,5,2015-07-31,4779,495,1,1,0,1
267,5,2015-07-31,11326,1217,1,1,0,1
268,5,2015-07-31,7492,740,1,1,0,1
269,5,2015-07-31,12197,1304,1,1,0,1
270,5,2015-07-31,11643,1338,1,1,0,1
271,5,2015-07-31,10104,934,1,1,0,1
272,5,2015-07-31,9109,774,1,1,0,1
273,5,2015-07-31,9189,792,1,1,0,1
274,5,2015-07-31,6975,1374,1,1,0,1
275,5,2015-07-31,8573,774,1,1,0,0
276,5,2015-07-31,5272,575,1,1,0,1
277,5,2015-07-31,9262,724,1,1,0,0
278,5,2015-07-31,9966,929,1,1,0,1
279,5,2015-07-31,12709,814,1,1,0,0
280,5,2015-07-31,8189,579,1,1,0,1
281,5,2015-07-31,8053,633,1,1,0,1
282,5,2015-07-31,4761,608,1,1,0,1
283,5,2015-07-31,9829,839,1,1,0,0
284,5,2015-07-31,6788,520,1,1,0,0
285,5,2015-07-31,7052,540,1,1,0,1
286,5,2015-07-31,5093,438,1,1,0,1
287,5,2015-07-31,9283,865,1,1,0,0
288,5,2015-07-31,6886,480,1,1,0,0
289,5,2015-07-31,7522,616,1,1,0,1
290,5,2015-07-31,8386,719,1,1,0,1
291,5,2015-07-31,10052,973,1,1,0,1
292,5,2015-07-31,0,0,0,1,0,1
293,5,2015-07-31,7494,878,1,1,0,1
294,5,2015-07-31,7628,889,1,1,0,1
295,5,2015-07-31,7687,834,1,1,0,1
296,5,2015-07-31,8579,801,1,1,0,1
297,5,2015-07-31,8481,802,1,1,0,1
298,5,2015-07-31,10344,803,1,1,0,0
299,5,2015-07-31,9839,1015,1,1,0,1
300,5,2015-07-31,10784,1082,1,1,0,1
301,5,2015-07-31,6665,629,1,1,0,1
302,5,2015-07-31,5356,393,1,1,0,1
303,5,2015-07-31,9026,849,1,1,0,1
304,5,2015-07-31,10539,1183,1,1,0,1
305,5,2015-07-31,7529,599,1,1,0,1
306,5,2015-07-31,6218,593,1,1,0,0
307,5,2015-07-31,3419,377,1,1,0,1
308,5,2015-07-31,11053,1026,1,1,0,1
309,5,2015-07-31,8688,707,1,1,0,1
310,5,2015-07-31,12219,926,1,1,0,1
311,5,2015-07-31,8602,826,1,1,0,1
312,5,2015-07-31,6678,651,1,1,0,1
313,5,2015-07-31,10432,926,1,1,0,1
314,5,2015-07-31,6661,700,1,1,0,1
315,5,2015-07-31,5959,553,1,1,0,1
316,5,2015-07-31,11678,927,1,1,0,1
317,5,2015-07-31,7374,683,1,1,0,0
318,5,2015-07-31,8026,746,1,1,0,1
319,5,2015-07-31,11280,1079,1,1,0,1
320,5,2015-07-31,19898,2316,1,1,0,1
321,5,2015-07-31,7520,688,1,1,0,1
322,5,2015-07-31,6826,621,1,1,0,1
323,5,2015-07-31,10371,716,1,1,0,1
324,5,2015-07-31,7753,855,1,1,0,1
325,5,2015-07-31,8509,742,1,1,0,1
326,5,2015-07-31,8094,544,1,1,0,1
327,5,2015-07-31,11035,1150,1,1,0,1
328,5,2015-07-31,5662,577,1,1,0,1
329,5,2015-07-31,9168,743,1,1,0,1
330,5,2015-07-31,5509,489,1,1,0,1
331,5,2015-07-31,7537,814,1,1,0,1
332,5,2015-07-31,4432,520,1,1,0,1
333,5,2015-07-31,13459,1399,1,1,0,1
334,5,2015-07-31,6583,599,1,1,0,1
335,5,2015-07-31,17867,2592,1,1,0,1
336,5,2015-07-31,16459,2049,1,1,0,1
337,5,2015-07-31,7345,493,1,1,0,1
338,5,2015-07-31,8566,657,1,1,0,1
339,5,2015-07-31,7080,840,1,1,0,1
340,5,2015-07-31,8192,802,1,1,0,1
341,5,2015-07-31,6994,851,1,1,0,1
342,5,2015-07-31,14485,987,1,1,0,0
343,5,2015-07-31,9742,802,1,1,0,1
344,5,2015-07-31,12767,1434,1,1,0,1
345,5,2015-07-31,4989,505,1,1,0,0
346,5,2015-07-31,8934,734,1,1,0,1
347,5,2015-07-31,7512,504,1,1,0,1
348,5,2015-07-31,10047,831,1,1,0,0
349,5,2015-07-31,9281,873,1,1,0,1
350,5,2015-07-31,8418,614,1,1,0,1
351,5,2015-07-31,8603,652,1,1,0,1
352,5,2015-07-31,8204,716,1,1,0,1
353,5,2015-07-31,7851,1851,1,1,0,1
354,5,2015-07-31,10053,791,1,1,0,1
355,5,2015-07-31,12766,1304,1,1,0,1
356,5,2015-07-31,9347,602,1,1,0,1
357,5,2015-07-31,10131,1218,1,1,0,1
358,5,2015-07-31,12667,1215,1,1,0,1
359,5,2015-07-31,8544,653,1,1,0,1
360,5,2015-07-31,9135,881,1,1,0,1
361,5,2015-07-31,9806,812,1,1,0,1
362,5,2015-07-31,11686,1257,1,1,0,1
363,5,2015-07-31,9564,1061,1,1,0,1
364,5,2015-07-31,7160,758,1,1,0,1
365,5,2015-07-31,8742,754,1,1,0,0
366,5,2015-07-31,9155,772,1,1,0,1
367,5,2015-07-31,7514,646,1,1,0,1
368,5,2015-07-31,16556,1025,1,1,0,1
369,5,2015-07-31,8495,646,1,1,0,1
370,5,2015-07-31,9747,714,1,1,0,1
371,5,2015-07-31,8360,592,1,1,0,1
372,5,2015-07-31,11470,874,1,1,0,1
373,5,2015-07-31,6621,405,1,1,0,1
374,5,2015-07-31,9062,938,1,1,0,1
375,5,2015-07-31,13241,1038,1,1,0,1
376,5,2015-07-31,11300,1083,1,1,0,1
377,5,2015-07-31,14940,1400,1,1,0,1
378,5,2015-07-31,8828,1267,1,1,0,1
379,5,2015-07-31,5550,574,1,1,0,1
380,5,2015-07-31,17133,1498,1,1,0,1
381,5,2015-07-31,10760,977,1,1,0,1
382,5,2015-07-31,10802,818,1,1,0,1
383,5,2015-07-31,22129,2297,1,1,0,1
384,5,2015-07-31,12065,1197,1,1,0,1
385,5,2015-07-31,8807,740,1,1,0,0
386,5,2015-07-31,10007,713,1,1,0,1
387,5,2015-07-31,14533,1402,1,1,0,1
388,5,2015-07-31,11506,1178,1,1,0,1
389,5,2015-07-31,13404,1383,1,1,0,1
390,5,2015-07-31,16172,1219,1,1,0,1
391,5,2015-07-31,8431,925,1,1,0,1
392,5,2015-07-31,7261,748,1,1,0,1
393,5,2015-07-31,8124,725,1,1,0,1
394,5,2015-07-31,10549,760,1,1,0,1
395,5,2015-07-31,4966,587,1,1,0,1
396,5,2015-07-31,13780,1227,1,1,0,1
397,5,2015-07-31,8130,955,1,1,0,1
398,5,2015-07-31,8246,787,1,1,0,1
399,5,2015-07-31,6917,668,1,1,0,0
400,5,2015-07-31,11084,1369,1,1,0,1
401,5,2015-07-31,8951,733,1,1,0,1
402,5,2015-07-31,6904,668,1,1,0,1
403,5,2015-07-31,8698,812,1,1,0,1
404,5,2015-07-31,6690,669,1,1,0,1
405,5,2015-07-31,5569,530,1,1,0,1
406,5,2015-07-31,10916,710,1,1,0,1
407,5,2015-07-31,6393,446,1,1,0,0
408,5,2015-07-31,7985,639,1,1,0,1
409,5,2015-07-31,7235,641,1,1,0,1
410,5,2015-07-31,7959,878,1,1,0,1
411,5,2015-07-31,12977,882,1,1,0,1
412,5,2015-07-31,12027,755,1,1,0,0
413,5,2015-07-31,10228,1110,1,1,0,0
414,5,2015-07-31,7805,547,1,1,0,1
415,5,2015-07-31,7713,583,1,1,0,1
416,5,2015-07-31,13376,1425,1,1,0,1
417,5,2015-07-31,9051,835,1,1,0,1
418,5,2015-07-31,8180,801,1,1,0,1
419,5,2015-07-31,8159,1030,1,1,0,1
420,5,2015-07-31,6377,516,1,1,0,0
421,5,2015-07-31,14471,1288,1,1,0,1
422,5,2015-07-31,5018,458,1,1,0,1
423,5,2015-07-31,13331,2213,1,1,0,1
424,5,2015-07-31,10141,930,1,1,0,1
425,5,2015-07-31,4744,560,1,1,0,1
426,5,2015-07-31,5535,667,1,1,0,1
427,5,2015-07-31,10228,880,1,1,0,0
428,5,2015-07-31,7940,635,1,1,0,0
429,5,2015-07-31,6999,523,1,1,0,0
430,5,2015-07-31,11246,868,1,1,0,0
431,5,2015-07-31,12369,1045,1,1,0,1
432,5,2015-07-31,13988,1795,1,1,0,1
433,5,2015-07-31,8970,904,1,1,0,1
434,5,2015-07-31,12333,767,1,1,0,0
435,5,2015-07-31,3142,388,1,1,0,1
436,5,2015-07-31,7465,731,1,1,0,1
437,5,2015-07-31,9287,847,1,1,0,1
438,5,2015-07-31,6736,614,1,1,0,1
439,5,2015-07-31,8562,930,1,1,0,1
440,5,2015-07-31,8230,839,1,1,0,1
441,5,2015-07-31,8718,847,1,1,0,1
442,5,2015-07-31,7478,637,1,1,0,1
443,5,2015-07-31,7056,566,1,1,0,1
444,5,2015-07-31,14441,1573,1,1,0,1
445,5,2015-07-31,11042,1627,1,1,0,1
446,5,2015-07-31,7952,816,1,1,0,1
447,5,2015-07-31,5700,614,1,1,0,1
448,5,2015-07-31,8924,786,1,1,0,1
449,5,2015-07-31,13829,1583,1,1,0,1
450,5,2015-07-31,10830,1096,1,1,0,1
451,5,2015-07-31,6628,514,1,1,0,1
452,5,2015-07-31,7541,642,1,1,0,1
453,5,2015-07-31,13328,1553,1,1,0,1
454,5,2015-07-31,8073,887,1,1,0,1
455,5,2015-07-31,9743,566,1,1,0,1
456,5,2015-07-31,7183,935,1,1,0,1
457,5,2015-07-31,7040,555,1,1,0,0
458,5,2015-07-31,9276,779,1,1,0,1
459,5,2015-07-31,13873,1450,1,1,0,1
460,5,2015-07-31,5538,541,1,1,0,1
461,5,2015-07-31,6252,567,1,1,0,1
462,5,2015-07-31,5518,637,1,1,0,1
463,5,2015-07-31,6403,880,1,1,0,1
464,5,2015-07-31,11967,1271,1,1,0,1
465,5,2015-07-31,10130,717,1,1,0,1
466,5,2015-07-31,9329,914,1,1,0,1
467,5,2015-07-31,17208,1761,1,1,0,1
468,5,2015-07-31,8281,804,1,1,0,1
469,5,2015-07-31,16964,1868,1,1,0,1
470,5,2015-07-31,15098,1835,1,1,0,1
471,5,2015-07-31,9116,703,1,1,0,0
472,5,2015-07-31,7981,783,1,1,0,1
473,5,2015-07-31,4267,511,1,1,0,1
474,5,2015-07-31,9034,825,1,1,0,1
475,5,2015-07-31,6834,1024,1,1,0,1
476,5,2015-07-31,7562,748,1,1,0,1
477,5,2015-07-31,7885,533,1,1,0,0
478,5,2015-07-31,10068,870,1,1,0,1
479,5,2015-07-31,16699,1687,1,1,0,1
480,5,2015-07-31,6233,720,1,1,0,1
481,5,2015-07-31,8419,651,1,1,0,1
482,5,2015-07-31,9814,974,1,1,0,1
483,5,2015-07-31,6200,712,1,1,0,1
484,5,2015-07-31,10638,878,1,1,0,1
485,5,2015-07-31,6914,554,1,1,0,0
486,5,2015-07-31,6225,661,1,1,0,1
487,5,2015-07-31,9624,828,1,1,0,1
488,5,2015-07-31,4184,401,1,1,0,1
489,5,2015-07-31,9010,748,1,1,0,1
490,5,2015-07-31,9184,1129,1,1,0,0
491,5,2015-07-31,9951,625,1,1,0,1
492,5,2015-07-31,10485,1341,1,1,0,0
493,5,2015-07-31,11090,933,1,1,0,1
494,5,2015-07-31,9970,1202,1,1,0,1
495,5,2015-07-31,6995,492,1,1,0,1
496,5,2015-07-31,10834,926,1,1,0,1
497,5,2015-07-31,11353,1248,1,1,0,1
498,5,2015-07-31,7685,903,1,1,0,0
499,5,2015-07-31,7716,922,1,1,0,1
500,5,2015-07-31,7364,505,1,1,0,0
501,5,2015-07-31,6626,684,1,1,0,0
502,5,2015-07-31,15473,1820,1,1,0,1
503,5,2015-07-31,9654,609,1,1,0,1
504,5,2015-07-31,10679,1117,1,1,0,1
505,5,2015-07-31,7087,734,1,1,0,1
506,5,2015-07-31,11162,1039,1,1,0,1
507,5,2015-07-31,10706,726,1,1,0,1
508,5,2015-07-31,11201,970,1,1,0,1
509,5,2015-07-31,8130,576,1,1,0,1
510,5,2015-07-31,11537,951,1,1,0,1
511,5,2015-07-31,7376,846,1,1,0,1
512,5,2015-07-31,8548,1812,1,1,0,0
513,5,2015-07-31,19959,2177,1,1,0,1
514,5,2015-07-31,7568,707,1,1,0,0
515,5,2015-07-31,12823,871,1,1,0,1
516,5,2015-07-31,7303,833,1,1,0,1
517,5,2015-07-31,7755,769,1,1,0,1
518,5,2015-07-31,8027,590,1,1,0,0
519,5,2015-07-31,8175,719,1,1,0,1
520,5,2015-07-31,5170,512,1,1,0,1
521,5,2015-07-31,8340,567,1,1,0,1
522,5,2015-07-31,11473,797,1,1,0,0
523,5,2015-07-31,15349,1625,1,1,0,1
524,5,2015-07-31,11966,1049,1,1,0,1
525,5,2015-07-31,10461,893,1,1,0,1
526,5,2015-07-31,11006,1434,1,1,0,1
527,5,2015-07-31,14510,1162,1,1,0,1
528,5,2015-07-31,14384,1166,1,1,0,1
529,5,2015-07-31,11283,913,1,1,0,1
530,5,2015-07-31,9561,1438,1,1,0,1
531,5,2015-07-31,5374,584,1,1,0,1
532,5,2015-07-31,10981,1236,1,1,0,1
533,5,2015-07-31,15364,1306,1,1,0,1
534,5,2015-07-31,10914,723,1,1,0,0
535,5,2015-07-31,8794,947,1,1,0,1
536,5,2015-07-31,13528,1209,1,1,0,1
537,5,2015-07-31,8220,743,1,1,0,1
538,5,2015-07-31,4509,567,1,1,0,1
539,5,2015-07-31,14009,1271,1,1,0,0
540,5,2015-07-31,8908,517,1,1,0,0
541,5,2015-07-31,9015,971,1,1,0,1
542,5,2015-07-31,6598,568,1,1,0,0
543,5,2015-07-31,3377,274,1,1,0,1
544,5,2015-07-31,17626,2050,1,1,0,1
545,5,2015-07-31,15112,1191,1,1,0,1
546,5,2015-07-31,14468,1617,1,1,0,1
547,5,2015-07-31,6818,510,1,1,0,0
548,5,2015-07-31,5101,381,1,1,0,1
549,5,2015-07-31,6023,650,1,1,0,1
550,5,2015-07-31,6482,491,1,1,0,1
551,5,2015-07-31,11632,1278,1,1,0,1
552,5,2015-07-31,8985,784,1,1,0,1
553,5,2015-07-31,9736,785,1,1,0,1
554,5,2015-07-31,5927,654,1,1,0,1
555,5,2015-07-31,5886,504,1,1,0,0
556,5,2015-07-31,9036,898,1,1,0,1
557,5,2015-07-31,5417,752,1,1,0,1
558,5,2015-07-31,4376,528,1,1,0,1
559,5,2015-07-31,9950,1053,1,1,0,1
560,5,2015-07-31,18197,1922,1,1,0,1
561,5,2015-07-31,9522,807,1,1,0,1
562,5,2015-07-31,20303,3255,1,1,0,1
563,5,2015-07-31,5754,672,1,1,0,1
564,5,2015-07-31,5924,540,1,1,0,1
565,5,2015-07-31,8283,906,1,1,0,1
566,5,2015-07-31,7202,690,1,1,0,1
567,5,2015-07-31,8601,854,1,1,0,1
568,5,2015-07-31,6660,472,1,1,0,1
569,5,2015-07-31,4680,620,1,1,0,1
570,5,2015-07-31,6102,804,1,1,0,1
571,5,2015-07-31,10677,677,1,1,0,0
572,5,2015-07-31,8531,657,1,1,0,1
573,5,2015-07-31,4806,391,1,1,0,0
574,5,2015-07-31,11592,720,1,1,0,1
575,5,2015-07-31,7826,650,1,1,0,0
576,5,2015-07-31,9123,1072,1,1,0,1
577,5,2015-07-31,7292,679,1,1,0,1
578,5,2015-07-31,13399,1225,1,1,0,1
579,5,2015-07-31,9654,991,1,1,0,1
580,5,2015-07-31,12253,1665,1,1,0,1
581,5,2015-07-31,6455,645,1,1,0,1
582,5,2015-07-31,7463,893,1,1,0,1
583,5,2015-07-31,5602,530,1,1,0,1
584,5,2015-07-31,6487,505,1,1,0,1
585,5,2015-07-31,8122,972,1,1,0,1
586,5,2015-07-31,17879,2501,1,1,0,1
587,5,2015-07-31,12025,788,1,1,0,0
588,5,2015-07-31,8256,823,1,1,0,1
589,5,2015-07-31,8001,681,1,1,0,1
590,5,2015-07-31,7250,494,1,1,0,1
591,5,2015-07-31,8600,641,1,1,0,1
592,5,2015-07-31,5226,585,1,1,0,1
593,5,2015-07-31,11333,1375,1,1,0,1
594,5,2015-07-31,5288,539,1,1,0,1
595,5,2015-07-31,18690,1899,1,1,0,1
596,5,2015-07-31,6268,882,1,1,0,1
597,5,2015-07-31,6990,873,1,1,0,1
598,5,2015-07-31,6675,763,1,1,0,0
599,5,2015-07-31,11417,960,1,1,0,1
600,5,2015-07-31,12377,898,1,1,0,1
601,5,2015-07-31,6153,441,1,1,0,1
602,5,2015-07-31,7701,635,1,1,0,1
603,5,2015-07-31,9432,1161,1,1,0,1
604,5,2015-07-31,8422,614,1,1,0,0
605,5,2015-07-31,9969,662,1,1,0,1
606,5,2015-07-31,7187,663,1,1,0,1
607,5,2015-07-31,5555,637,1,1,0,1
608,5,2015-07-31,12554,1126,1,1,0,1
609,5,2015-07-31,5896,588,1,1,0,1
610,5,2015-07-31,4209,523,1,1,0,1
611,5,2015-07-31,6686,531,1,1,0,0
612,5,2015-07-31,8161,493,1,1,0,0
613,5,2015-07-31,6778,954,1,1,0,1
614,5,2015-07-31,7698,1069,1,1,0,1
615,5,2015-07-31,10520,1225,1,1,0,1
616,5,2015-07-31,11786,957,1,1,0,1
617,5,2015-07-31,8259,732,1,1,0,1
618,5,2015-07-31,9397,618,1,1,0,1
619,5,2015-07-31,7384,614,1,1,0,0
620,5,2015-07-31,12074,937,1,1,0,0
621,5,2015-07-31,7296,870,1,1,0,1
622,5,2015-07-31,6306,540,1,1,0,1
623,5,2015-07-31,9636,1045,1,1,0,1
624,5,2015-07-31,8847,746,1,1,0,1
625,5,2015-07-31,6887,702,1,1,0,1
626,5,2015-07-31,12025,974,1,1,0,1
627,5,2015-07-31,8837,746,1,1,0,1
628,5,2015-07-31,11777,1091,1,1,0,1
629,5,2015-07-31,6769,590,1,1,0,0
630,5,2015-07-31,7544,801,1,1,0,1
631,5,2015-07-31,7428,765,1,1,0,1
632,5,2015-07-31,9461,1053,1,1,0,1
633,5,2015-07-31,6929,530,1,1,0,0
634,5,2015-07-31,7968,775,1,1,0,1
635,5,2015-07-31,8541,791,1,1,0,1
636,5,2015-07-31,10764,1027,1,1,0,0
637,5,2015-07-31,12730,893,1,1,0,0
638,5,2015-07-31,8103,624,1,1,0,0
639,5,2015-07-31,5620,528,1,1,0,1
640,5,2015-07-31,15013,936,1,1,0,1
641,5,2015-07-31,6889,567,1,1,0,1
642,5,2015-07-31,3671,420,1,1,0,1
643,5,2015-07-31,13143,1312,1,1,0,1
644,5,2015-07-31,11956,1189,1,1,0,0
645,5,2015-07-31,18933,1817,1,1,0,1
646,5,2015-07-31,6016,817,1,1,0,0
647,5,2015-07-31,10460,932,1,1,0,1
648,5,2015-07-31,7947,620,1,1,0,1
649,5,2015-07-31,5012,486,1,1,0,1
650,5,2015-07-31,7509,743,1,1,0,0
651,5,2015-07-31,8687,992,1,1,0,1
652,5,2015-07-31,10050,884,1,1,0,1
653,5,2015-07-31,7979,605,1,1,0,1
654,5,2015-07-31,8466,770,1,1,0,1
655,5,2015-07-31,11906,861,1,1,0,1
656,5,2015-07-31,4576,465,1,1,0,1
657,5,2015-07-31,9654,919,1,1,0,1
658,5,2015-07-31,7323,669,1,1,0,1
659,5,2015-07-31,6615,690,1,1,0,1
660,5,2015-07-31,6992,652,1,1,0,0
661,5,2015-07-31,7541,570,1,1,0,1
662,5,2015-07-31,10711,858,1,1,0,1
663,5,2015-07-31,8088,949,1,1,0,1
664,5,2015-07-31,8330,823,1,1,0,1
665,5,2015-07-31,9455,1365,1,1,0,1
666,5,2015-07-31,9706,778,1,1,0,1
667,5,2015-07-31,11985,971,1,1,0,1
668,5,2015-07-31,11554,1278,1,1,0,1
669,5,2015-07-31,6266,501,1,1,0,0
670,5,2015-07-31,9980,922,1,1,0,0
671,5,2015-07-31,9063,818,1,1,0,0
672,5,2015-07-31,10145,1437,1,1,0,1
673,5,2015-07-31,11620,810,1,1,0,1
674,5,2015-07-31,12593,1387,1,1,0,1
675,5,2015-07-31,4350,421,1,1,0,1
676,5,2015-07-31,9974,1943,1,1,0,1
677,5,2015-07-31,10087,718,1,1,0,0
678,5,2015-07-31,11960,1024,1,1,0,1
679,5,2015-07-31,11868,1188,1,1,0,1
680,5,2015-07-31,7144,887,1,1,0,1
681,5,2015-07-31,4833,564,1,1,0,1
682,5,2015-07-31,13979,2013,1,1,0,1
683,5,2015-07-31,10439,981,1,1,0,1
684,5,2015-07-31,10159,790,1,1,0,0
685,5,2015-07-31,7633,685,1,1,0,1
686,5,2015-07-31,7542,824,1,1,0,1
687,5,2015-07-31,10471,818,1,1,0,1
688,5,2015-07-31,5107,469,1,1,0,1
689,5,2015-07-31,7729,785,1,1,0,1
690,5,2015-07-31,7070,898,1,1,0,1
691,5,2015-07-31,9780,668,1,1,0,1
692,5,2015-07-31,7496,801,1,1,0,1
693,5,2015-07-31,8040,571,1,1,0,1
694,5,2015-07-31,10257,893,1,1,0,0
695,5,2015-07-31,6695,565,1,1,0,1
696,5,2015-07-31,14308,1277,1,1,0,1
697,5,2015-07-31,14464,1150,1,1,0,1
698,5,2015-07-31,18308,1974,1,1,0,1
699,5,2015-07-31,11449,1219,1,1,0,1
700,5,2015-07-31,5849,646,1,1,0,1
701,5,2015-07-31,8547,755,1,1,0,0
702,5,2015-07-31,6268,488,1,1,0,0
703,5,2015-07-31,3648,358,1,1,0,1
704,5,2015-07-31,12620,1184,1,1,0,1
705,5,2015-07-31,12450,1185,1,1,0,1
706,5,2015-07-31,7797,630,1,1,0,0
707,5,2015-07-31,13989,1359,1,1,0,1
708,5,2015-07-31,7224,630,1,1,0,1
709,5,2015-07-31,10489,1221,1,1,0,1
710,5,2015-07-31,6278,489,1,1,0,0
711,5,2015-07-31,7799,548,1,1,0,0
712,5,2015-07-31,7421,653,1,1,0,0
713,5,2015-07-31,12233,1306,1,1,0,1
714,5,2015-07-31,7645,509,1,1,0,1
715,5,2015-07-31,9547,901,1,1,0,1
716,5,2015-07-31,7561,543,1,1,0,0
717,5,2015-07-31,7599,674,1,1,0,1
718,5,2015-07-31,8763,913,1,1,0,1
719,5,2015-07-31,6972,568,1,1,0,0
720,5,2015-07-31,11260,879,1,1,0,1
721,5,2015-07-31,9969,823,1,1,0,1
722,5,2015-07-31,9349,1396,1,1,0,1
723,5,2015-07-31,12047,787,1,1,0,1
724,5,2015-07-31,8328,780,1,1,0,1
725,5,2015-07-31,7294,642,1,1,0,1
726,5,2015-07-31,13962,1192,1,1,0,1
727,5,2015-07-31,6345,524,1,1,0,1
728,5,2015-07-31,6996,542,1,1,0,1
729,5,2015-07-31,14730,1279,1,1,0,1
730,5,2015-07-31,8831,979,1,1,0,1
731,5,2015-07-31,10773,943,1,1,0,1
732,5,2015-07-31,10919,1150,1,1,0,1
733,5,2015-07-31,16625,3644,1,1,0,1
734,5,2015-07-31,6829,582,1,1,0,1
735,5,2015-07-31,7530,594,1,1,0,1
736,5,2015-07-31,5942,541,1,1,0,0
737,5,2015-07-31,10548,1232,1,1,0,1
738,5,2015-07-31,9504,749,1,1,0,1
739,5,2015-07-31,12150,928,1,1,0,0
740,5,2015-07-31,10085,672,1,1,0,1
741,5,2015-07-31,11253,1137,1,1,0,1
742,5,2015-07-31,10460,1016,1,1,0,1
743,5,2015-07-31,5085,501,1,1,0,1
744,5,2015-07-31,8663,943,1,1,0,0
745,5,2015-07-31,8363,746,1,1,0,1
746,5,2015-07-31,9082,638,1,1,0,1
747,5,2015-07-31,10708,826,1,1,0,1
748,5,2015-07-31,7481,578,1,1,0,1
749,5,2015-07-31,6612,716,1,1,0,1
750,5,2015-07-31,6395,499,1,1,0,0
751,5,2015-07-31,4844,539,1,1,0,1
752,5,2015-07-31,7763,565,1,1,0,1
753,5,2015-07-31,9303,767,1,1,0,1
754,5,2015-07-31,8920,927,1,1,0,1
755,5,2015-07-31,12426,995,1,1,0,1
756,5,2015-07-31,25280,2901,1,1,0,1
757,5,2015-07-31,9343,684,1,1,0,1
758,5,2015-07-31,6230,725,1,1,0,1
759,5,2015-07-31,11253,1005,1,1,0,1
760,5,2015-07-31,8350,1258,1,1,0,1
761,5,2015-07-31,12761,1203,1,1,0,1
762,5,2015-07-31,6647,532,1,1,0,1
763,5,2015-07-31,8022,658,1,1,0,1
764,5,2015-07-31,5873,583,1,1,0,1
765,5,2015-07-31,11679,873,1,1,0,1
766,5,2015-07-31,8537,655,1,1,0,0
767,5,2015-07-31,8554,831,1,1,0,1
768,5,2015-07-31,19274,1713,1,1,0,1
769,5,2015-07-31,13738,3630,1,1,0,1
770,5,2015-07-31,6490,608,1,1,0,1
771,5,2015-07-31,8556,844,1,1,0,0
772,5,2015-07-31,5224,635,1,1,0,1
773,5,2015-07-31,6746,856,1,1,0,1
774,5,2015-07-31,6759,771,1,1,0,1
775,5,2015-07-31,10381,687,1,1,0,0
776,5,2015-07-31,6109,649,1,1,0,1
777,5,2015-07-31,6226,460,1,1,0,1
778,5,2015-07-31,7341,804,1,1,0,0
779,5,2015-07-31,8236,798,1,1,0,1
780,5,2015-07-31,7834,837,1,1,0,1
781,5,2015-07-31,5630,674,1,1,0,1
782,5,2015-07-31,7357,630,1,1,0,1
783,5,2015-07-31,9281,791,1,1,0,1
784,5,2015-07-31,9284,921,1,1,0,1
785,5,2015-07-31,10631,780,1,1,0,1
786,5,2015-07-31,3797,503,1,1,0,1
787,5,2015-07-31,14469,1369,1,1,0,1
788,5,2015-07-31,18700,1727,1,1,0,1
789,5,2015-07-31,4205,533,1,1,0,1
790,5,2015-07-31,10141,775,1,1,0,1
791,5,2015-07-31,11996,1082,1,1,0,1
792,5,2015-07-31,10181,855,1,1,0,1
793,5,2015-07-31,6349,567,1,1,0,1
794,5,2015-07-31,4075,575,1,1,0,1
795,5,2015-07-31,5258,518,1,1,0,1
796,5,2015-07-31,8913,769,1,1,0,1
797,5,2015-07-31,5797,523,1,1,0,0
798,5,2015-07-31,9268,997,1,1,0,1
799,5,2015-07-31,13665,1017,1,1,0,1
800,5,2015-07-31,6045,507,1,1,0,1
801,5,2015-07-31,7460,678,1,1,0,1
802,5,2015-07-31,10286,693,1,1,0,1
803,5,2015-07-31,6117,454,1,1,0,1
804,5,2015-07-31,6532,518,1,1,0,0
805,5,2015-07-31,6335,569,1,1,0,0
806,5,2015-07-31,10449,711,1,1,0,0
807,5,2015-07-31,12640,1070,1,1,0,1
808,5,2015-07-31,10715,786,1,1,0,1
809,5,2015-07-31,10595,844,1,1,0,1
810,5,2015-07-31,7548,575,1,1,0,1
811,5,2015-07-31,5235,768,1,1,0,1
812,5,2015-07-31,7915,850,1,1,0,1
813,5,2015-07-31,8544,836,1,1,0,1
814,5,2015-07-31,10821,884,1,1,0,1
815,5,2015-07-31,8186,729,1,1,0,0
816,5,2015-07-31,7067,861,1,1,0,1
817,5,2015-07-31,23093,2884,1,1,0,1
818,5,2015-07-31,7049,653,1,1,0,1
819,5,2015-07-31,6554,506,1,1,0,1
820,5,2015-07-31,14985,1197,1,1,0,0
821,5,2015-07-31,11232,1148,1,1,0,1
822,5,2015-07-31,9974,785,1,1,0,1
823,5,2015-07-31,7924,650,1,1,0,1
824,5,2015-07-31,9252,1028,1,1,0,1
825,5,2015-07-31,6003,596,1,1,0,0
826,5,2015-07-31,11768,891,1,1,0,1
827,5,2015-07-31,17099,1981,1,1,0,1
828,5,2015-07-31,8019,748,1,1,0,1
829,5,2015-07-31,7453,909,1,1,0,1
830,5,2015-07-31,8415,614,1,1,0,1
831,5,2015-07-31,15152,1703,1,1,0,1
832,5,2015-07-31,9199,695,1,1,0,1
833,5,2015-07-31,6918,554,1,1,0,1
834,5,2015-07-31,8150,780,1,1,0,1
835,5,2015-07-31,7948,791,1,1,0,1
836,5,2015-07-31,7217,792,1,1,0,1
837,5,2015-07-31,5481,635,1,1,0,1
838,5,2015-07-31,9798,877,1,1,0,1
839,5,2015-07-31,5099,621,1,1,0,1
840,5,2015-07-31,7818,1063,1,1,0,1
841,5,2015-07-31,3768,487,1,1,0,1
842,5,2015-07-31,23996,1362,1,1,0,0
843,5,2015-07-31,12775,1191,1,1,0,1
844,5,2015-07-31,6444,583,1,1,0,1
845,5,2015-07-31,5151,378,1,1,0,1
846,5,2015-07-31,12705,1070,1,1,0,1
847,5,2015-07-31,10011,1170,1,1,0,1
848,5,2015-07-31,10527,998,1,1,0,1
849,5,2015-07-31,10829,1049,1,1,0,1
850,5,2015-07-31,8380,748,1,1,0,1
851,5,2015-07-31,6305,476,1,1,0,0
852,5,2015-07-31,5722,643,1,1,0,1
853,5,2015-07-31,13046,1311,1,1,0,1
854,5,2015-07-31,5653,567,1,1,0,1
855,5,2015-07-31,10423,918,1,1,0,1
856,5,2015-07-31,9416,1073,1,1,0,1
857,5,2015-07-31,9211,990,1,1,0,1
858,5,2015-07-31,5540,494,1,1,0,0
859,5,2015-07-31,8854,861,1,1,0,0
860,5,2015-07-31,8977,973,1,1,0,1
861,5,2015-07-31,5338,655,1,1,0,1
862,5,2015-07-31,11935,1288,1,1,0,1
863,5,2015-07-31,13290,1430,1,1,0,1
864,5,2015-07-31,6690,772,1,1,0,1
865,5,2015-07-31,9709,700,1,1,0,1
866,5,2015-07-31,9827,612,1,1,0,1
867,5,2015-07-31,6462,576,1,1,0,1
868,5,2015-07-31,11441,673,1,1,0,1
869,5,2015-07-31,7768,984,1,1,0,1
870,5,2015-07-31,7064,866,1,1,0,1
871,5,2015-07-31,8478,590,1,1,0,1
872,5,2015-07-31,9747,794,1,1,0,1
873,5,2015-07-31,3871,437,1,1,0,1
874,5,2015-07-31,6384,615,1,1,0,1
875,5,2015-07-31,6555,511,1,1,0,1
876,5,2015-07-31,0,0,0,1,0,1
877,5,2015-07-31,8646,1011,1,1,0,1
878,5,2015-07-31,11254,942,1,1,0,1
879,5,2015-07-31,6000,466,1,1,0,0
880,5,2015-07-31,10670,920,1,1,0,1
881,5,2015-07-31,7396,844,1,1,0,1
882,5,2015-07-31,7416,871,1,1,0,1
883,5,2015-07-31,5850,581,1,1,0,1
884,5,2015-07-31,7661,678,1,1,0,0
885,5,2015-07-31,6754,813,1,1,0,1
886,5,2015-07-31,6857,642,1,1,0,1
887,5,2015-07-31,8902,634,1,1,0,1
888,5,2015-07-31,12206,982,1,1,0,1
889,5,2015-07-31,6312,605,1,1,0,1
890,5,2015-07-31,8467,609,1,1,0,0
891,5,2015-07-31,11916,1343,1,1,0,1
892,5,2015-07-31,10054,993,1,1,0,1
893,5,2015-07-31,7179,884,1,1,0,0
894,5,2015-07-31,11866,1330,1,1,0,1
895,5,2015-07-31,12182,1012,1,1,0,1
896,5,2015-07-31,8763,1237,1,1,0,1
897,5,2015-07-31,4691,464,1,1,0,1
898,5,2015-07-31,8833,906,1,1,0,1
899,5,2015-07-31,5952,582,1,1,0,1
900,5,2015-07-31,7358,635,1,1,0,0
901,5,2015-07-31,8220,682,1,1,0,1
902,5,2015-07-31,4897,589,1,1,0,0
903,5,2015-07-31,13911,906,1,1,0,0
904,5,2015-07-31,7901,606,1,1,0,0
905,5,2015-07-31,8157,1123,1,1,0,1
906,5,2015-07-31,15131,1482,1,1,0,1
907,5,2015-07-31,8485,1048,1,1,0,1
908,5,2015-07-31,5618,421,1,1,0,1
909,5,2015-07-31,16140,1301,1,1,0,0
910,5,2015-07-31,8547,726,1,1,0,1
911,5,2015-07-31,12944,1082,1,1,0,1
912,5,2015-07-31,6864,806,1,1,0,1
913,5,2015-07-31,11718,1334,1,1,0,1
914,5,2015-07-31,11972,1178,1,1,0,1
915,5,2015-07-31,9843,642,1,1,0,0
916,5,2015-07-31,6157,747,1,1,0,1
917,5,2015-07-31,9099,898,1,1,0,1
918,5,2015-07-31,6966,632,1,1,0,1
919,5,2015-07-31,8280,893,1,1,0,0
920,5,2015-07-31,7788,693,1,1,0,0
921,5,2015-07-31,9180,993,1,1,0,1
922,5,2015-07-31,8447,750,1,1,0,1
923,5,2015-07-31,5812,604,1,1,0,1
924,5,2015-07-31,4513,427,1,1,0,1
925,5,2015-07-31,9287,1413,1,1,0,1
926,5,2015-07-31,10359,696,1,1,0,1
927,5,2015-07-31,8625,1027,1,1,0,1
928,5,2015-07-31,12541,890,1,1,0,1
929,5,2015-07-31,8331,853,1,1,0,1
930,5,2015-07-31,9512,1263,1,1,0,1
931,5,2015-07-31,5943,713,1,1,0,1
932,5,2015-07-31,10845,942,1,1,0,0
933,5,2015-07-31,9769,1064,1,1,0,1
934,5,2015-07-31,9507,807,1,1,0,1
935,5,2015-07-31,8941,802,1,1,0,1
936,5,2015-07-31,6717,854,1,1,0,1
937,5,2015-07-31,8508,647,1,1,0,1
938,5,2015-07-31,12268,1139,1,1,0,1
939,5,2015-07-31,7546,658,1,1,0,1
940,5,2015-07-31,10323,913,1,1,0,1
941,5,2015-07-31,6526,637,1,1,0,0
942,5,2015-07-31,8518,598,1,1,0,1
943,5,2015-07-31,8183,667,1,1,0,1
944,5,2015-07-31,9714,1311,1,1,0,1
945,5,2015-07-31,5804,569,1,1,0,1
946,5,2015-07-31,5581,618,1,1,0,1
947,5,2015-07-31,9247,1209,1,1,0,1
948,5,2015-07-31,9616,2120,1,1,0,1
949,5,2015-07-31,6778,591,1,1,0,1
950,5,2015-07-31,8212,700,1,1,0,1
951,5,2015-07-31,10427,847,1,1,0,1
952,5,2015-07-31,7422,595,1,1,0,0
953,5,2015-07-31,6877,642,1,1,0,1
954,5,2015-07-31,8916,989,1,1,0,1
955,5,2015-07-31,6851,563,1,1,0,1
956,5,2015-07-31,4833,558,1,1,0,1
957,5,2015-07-31,11276,1008,1,1,0,1
958,5,2015-07-31,4357,562,1,1,0,1
959,5,2015-07-31,10708,960,1,1,0,1
960,5,2015-07-31,9081,664,1,1,0,1
961,5,2015-07-31,8926,811,1,1,0,1
962,5,2015-07-31,9370,1119,1,1,0,1
963,5,2015-07-31,13492,1144,1,1,0,1
964,5,2015-07-31,12482,1560,1,1,0,1
965,5,2015-07-31,9958,1013,1,1,0,1
966,5,2015-07-31,5292,661,1,1,0,1
967,5,2015-07-31,10397,952,1,1,0,1
968,5,2015-07-31,8724,968,1,1,0,1
969,5,2015-07-31,5280,804,1,1,0,1
970,5,2015-07-31,2726,327,1,1,0,1
971,5,2015-07-31,10400,1104,1,1,0,1
972,5,2015-07-31,4328,471,1,1,0,1
973,5,2015-07-31,10156,1043,1,1,0,1
974,5,2015-07-31,14826,1713,1,1,0,0
975,5,2015-07-31,9784,802,1,1,0,1
976,5,2015-07-31,9300,861,1,1,0,1
977,5,2015-07-31,5849,567,1,1,0,0
978,5,2015-07-31,10862,1173,1,1,0,1
979,5,2015-07-31,8097,709,1,1,0,1
980,5,2015-07-31,8487,627,1,1,0,1
981,5,2015-07-31,10549,951,1,1,0,1
982,5,2015-07-31,9355,778,1,1,0,1
983,5,2015-07-31,11368,1250,1,1,0,1
984,5,2015-07-31,7444,810,1,1,0,1
985,5,2015-07-31,11053,881,1,1,0,1
986,5,2015-07-31,7051,813,1,1,0,1
987,5,2015-07-31,11948,1098,1,1,0,1
988,5,2015-07-31,5494,724,1,1,0,1
989,5,2015-07-31,6732,716,1,1,0,0
990,5,2015-07-31,8660,735,1,1,0,1
991,5,2015-07-31,6506,545,1,1,0,1
992,5,2015-07-31,6919,716,1,1,0,1
993,5,2015-07-31,10205,894,1,1,0,1
994,5,2015-07-31,6816,544,1,1,0,1
995,5,2015-07-31,11075,867,1,1,0,1
996,5,2015-07-31,9288,830,1,1,0,1
997,5,2015-07-31,6713,476,1,1,0,1
998,5,2015-07-31,6533,651,1,1,0,1
999,5,2015-07-31,11274,749,1,1,0,1
1000,5,2015-07-31,8935,749,1,1,0,0
1001,5,2015-07-31,7724,764,1,1,0,1
1002,5,2015-07-31,8554,835,1,1,0,1
1003,5,2015-07-31,9421,881,1,1,0,1
1004,5,2015-07-31,7741,626,1,1,0,0
1005,5,2015-07-31,7959,1043,1,1,0,1
1006,5,2015-07-31,10211,1180,1,1,0,1
1007,5,2015-07-31,11107,1062,1,1,0,1
1008,5,2015-07-31,7787,847,1,1,0,1
1009,5,2015-07-31,5680,517,1,1,0,0
1010,5,2015-07-31,15894,1116,1,1,0,1
1011,5,2015-07-31,10134,1021,1,1,0,1
1012,5,2015-07-31,7801,587,1,1,0,0
1013,5,2015-07-31,5599,532,1,1,0,1
1014,5,2015-07-31,16774,1595,1,1,0,1
1015,5,2015-07-31,8654,625,1,1,0,1
1016,5,2015-07-31,7175,606,1,1,0,1
1017,5,2015-07-31,7491,937,1,1,0,1
1018,5,2015-07-31,12663,1398,1,1,0,1
1019,5,2015-07-31,11202,842,1,1,0,0
1020,5,2015-07-31,10734,1138,1,1,0,1
1021,5,2015-07-31,10253,1178,1,1,0,1
1022,5,2015-07-31,9194,886,1,1,0,1
1023,5,2015-07-31,7182,649,1,1,0,1
1024,5,2015-07-31,8337,920,1,1,0,1
1025,5,2015-07-31,9701,985,1,1,0,1
1026,5,2015-07-31,12263,1433,1,1,0,1
1027,5,2015-07-31,16273,2065,1,1,0,0
1028,5,2015-07-31,7322,721,1,1,0,1
1029,5,2015-07-31,5951,753,1,1,0,1
1030,5,2015-07-31,5082,414,1,1,0,1
1031,5,2015-07-31,6014,480,1,1,0,1
1032,5,2015-07-31,12802,1166,1,1,0,1
1033,5,2015-07-31,18331,1591,1,1,0,1
1034,5,2015-07-31,7229,766,1,1,0,1
1035,5,2015-07-31,5853,640,1,1,0,1
1036,5,2015-07-31,6611,540,1,1,0,1
1037,5,2015-07-31,9329,971,1,1,0,1
1038,5,2015-07-31,6649,553,1,1,0,0
1039,5,2015-07-31,9479,1063,1,1,0,1
1040,5,2015-07-31,10532,957,1,1,0,1
1041,5,2015-07-31,7213,661,1,1,0,0
1042,5,2015-07-31,6957,729,1,1,0,1
1043,5,2015-07-31,10404,1331,1,1,0,1
1044,5,2015-07-31,8060,961,1,1,0,1
1045,5,2015-07-31,12216,1385,1,1,0,1
1046,5,2015-07-31,12558,909,1,1,0,1
1047,5,2015-07-31,8711,780,1,1,0,1
1048,5,2015-07-31,10307,668,1,1,0,1
1049,5,2015-07-31,5135,726,1,1,0,0
1050,5,2015-07-31,9743,617,1,1,0,1
1051,5,2015-07-31,11208,1214,1,1,0,1
1052,5,2015-07-31,10342,891,1,1,0,1
1053,5,2015-07-31,11436,1088,1,1,0,1
1054,5,2015-07-31,8918,786,1,1,0,1
1055,5,2015-07-31,10090,1129,1,1,0,1
1056,5,2015-07-31,6546,547,1,1,0,0
1057,5,2015-07-31,7277,649,1,1,0,1
1058,5,2015-07-31,9202,790,1,1,0,1
1059,5,2015-07-31,11672,1355,1,1,0,1
1060,5,2015-07-31,11782,1074,1,1,0,1
1061,5,2015-07-31,11382,725,1,1,0,1
1062,5,2015-07-31,9389,763,1,1,0,1
1063,5,2015-07-31,4802,560,1,1,0,1
1064,5,2015-07-31,12689,1229,1,1,0,1
1065,5,2015-07-31,6180,625,1,1,0,0
1066,5,2015-07-31,10664,1021,1,1,0,1
1067,5,2015-07-31,6789,580,1,1,0,0
1068,5,2015-07-31,5946,357,1,1,0,1
1069,5,2015-07-31,7746,805,1,1,0,1
1070,5,2015-07-31,9442,995,1,1,0,1
1071,5,2015-07-31,7241,723,1,1,0,1
1072,5,2015-07-31,10270,817,1,1,0,1
1073,5,2015-07-31,9413,1035,1,1,0,1
1074,5,2015-07-31,6789,681,1,1,0,1
1075,5,2015-07-31,11662,1038,1,1,0,1
1076,5,2015-07-31,5950,696,1,1,0,1
1077,5,2015-07-31,5616,552,1,1,0,1
1078,5,2015-07-31,9732,646,1,1,0,1
1079,5,2015-07-31,10418,796,1,1,0,1
1080,5,2015-07-31,12042,983,1,1,0,0
1081,5,2015-07-31,7641,1062,1,1,0,1
1082,5,2015-07-31,7915,1034,1,1,0,1
1083,5,2015-07-31,7655,444,1,1,0,1
1084,5,2015-07-31,9674,986,1,1,0,1
1085,5,2015-07-31,9512,858,1,1,0,1
1086,5,2015-07-31,8226,890,1,1,0,1
1087,5,2015-07-31,9857,802,1,1,0,1
1088,5,2015-07-31,6800,552,1,1,0,1
1089,5,2015-07-31,13716,1131,1,1,0,1
1090,5,2015-07-31,7436,856,1,1,0,1
1091,5,2015-07-31,10538,812,1,1,0,1
1092,5,2015-07-31,16726,1512,1,1,0,0
1093,5,2015-07-31,11778,1071,1,1,0,1
1094,5,2015-07-31,5826,425,1,1,0,0
1095,5,2015-07-31,4958,696,1,1,0,1
1096,5,2015-07-31,9318,816,1,1,0,1
1097,5,2015-07-31,11443,2451,1,1,0,1
1098,5,2015-07-31,6410,780,1,1,0,1
1099,5,2015-07-31,12074,1370,1,1,0,1
1100,5,2015-07-31,7270,819,1,1,0,1
1101,5,2015-07-31,13501,1111,1,1,0,1
1102,5,2015-07-31,7211,704,1,1,0,0
1103,5,2015-07-31,8628,565,1,1,0,1
1104,5,2015-07-31,6878,472,1,1,0,0
1105,5,2015-07-31,7994,765,1,1,0,1
1106,5,2015-07-31,5901,618,1,1,0,1
1107,5,2015-07-31,9433,825,1,1,0,0
1108,5,2015-07-31,6602,645,1,1,0,1
1109,5,2015-07-31,5263,515,1,1,0,0
1110,5,2015-07-31,6198,642,1,1,0,1
1111,5,2015-07-31,5723,422,1,1,0,1
1112,5,2015-07-31,9626,767,1,1,0,1
1113,5,2015-07-31,7289,720,1,1,0,1
1114,5,2015-07-31,27508,3745,1,1,0,1
1115,5,2015-07-31,8680,538,1,1,0,1
1,4,2015-07-30,5020,546,1,1,0,1
2,4,2015-07-30,5567,601,1,1,0,1
3,4,2015-07-30,8977,823,1,1,0,1
4,4,2015-07-30,10387,1276,1,1,0,1
5,4,2015-07-30,4943,539,1,1,0,1
6,4,2015-07-30,4790,541,1,1,0,1
7,4,2015-07-30,11560,1116,1,1,0,1
8,4,2015-07-30,8420,882,1,1,0,1
9,4,2015-07-30,7539,651,1,1,0,1
10,4,2015-07-30,6186,556,1,1,0,1
11,4,2015-07-30,7361,874,1,1,0,1
12,4,2015-07-30,7996,835,1,1,0,1
13,4,2015-07-30,7648,474,1,1,0,0
14,4,2015-07-30,5672,613,1,1,0,1
15,4,2015-07-30,8891,741,1,1,0,1
16,4,2015-07-30,10226,953,1,1,0,1
17,4,2015-07-30,7555,850,1,1,0,1
18,4,2015-07-30,7361,710,1,1,0,1
19,4,2015-07-30,8400,687,1,1,0,1
20,4,2015-07-30,12379,1185,1,1,0,0
21,4,2015-07-30,6985,534,1,1,0,1
22,4,2015-07-30,5685,575,1,1,0,0
23,4,2015-07-30,5801,484,1,1,0,1
24,4,2015-07-30,11439,884,1,1,0,1
25,4,2015-07-30,11272,1422,1,1,0,1
26,4,2015-07-30,7892,679,1,1,0,1
27,4,2015-07-30,10270,1065,1,1,0,1
28,4,2015-07-30,6210,635,1,1,0,1
29,4,2015-07-30,8039,661,1,1,0,1
30,4,2015-07-30,4881,682,1,1,0,1
31,4,2015-07-30,6712,582,1,1,0,1
32,4,2015-07-30,5779,617,1,1,0,0
33,4,2015-07-30,8146,740,1,1,0,1
34,4,2015-07-30,8443,992,1,1,0,1
35,4,2015-07-30,11088,727,1,1,0,1
36,4,2015-07-30,11955,1150,1,1,0,0
37,4,2015-07-30,7771,791,1,1,0,1
38,4,2015-07-30,6591,499,1,1,0,1
39,4,2015-07-30,5734,668,1,1,0,1
40,4,2015-07-30,5191,661,1,1,0,1
41,4,2015-07-30,6311,455,1,1,0,0
42,4,2015-07-30,10853,1104,1,1,0,1
43,4,2015-07-30,5982,526,1,1,0,1
44,4,2015-07-30,5159,562,1,1,0,1
45,4,2015-07-30,6063,445,1,1,0,1
46,4,2015-07-30,7057,760,1,1,0,0
47,4,2015-07-30,7585,864,1,1,0,1
48,4,2015-07-30,3297,335,1,1,0,1
49,4,2015-07-30,8996,590,1,1,0,1
50,4,2015-07-30,5324,376,1,1,0,1
51,4,2015-07-30,8280,555,1,1,0,0
52,4,2015-07-30,7024,453,1,1,0,0
53,4,2015-07-30,6797,598,1,1,0,1
54,4,2015-07-30,9905,778,1,1,0,1
55,4,2015-07-30,5610,639,1,1,0,1
56,4,2015-07-30,8705,544,1,1,0,1
57,4,2015-07-30,9820,872,1,1,0,1
58,4,2015-07-30,8433,594,1,1,0,0
59,4,2015-07-30,5556,545,1,1,0,1
60,4,2015-07-30,10213,818,1,1,0,1
61,4,2015-07-30,5868,599,1,1,0,1
62,4,2015-07-30,7181,762,1,1,0,1
63,4,2015-07-30,9316,735,1,1,0,1
64,4,2015-07-30,13029,863,1,1,0,1
65,4,2015-07-30,6652,511,1,1,0,1
66,4,2015-07-30,6937,530,1,1,0,1
67,4,2015-07-30,10875,955,1,1,0,1
68,4,2015-07-30,7780,976,1,1,0,1
69,4,2015-07-30,10252,1230,1,1,0,1
70,4,2015-07-30,8034,678,1,1,0,1
71,4,2015-07-30,10090,761,1,1,0,1
72,4,2015-07-30,5434,541,1,1,0,0
73,4,2015-07-30,4998,492,1,1,0,1
74,4,2015-07-30,6349,839,1,1,0,1
75,4,2015-07-30,7551,711,1,1,0,1
76,4,2015-07-30,10775,1014,1,1,0,0
77,4,2015-07-30,8141,660,1,1,0,1
78,4,2015-07-30,3964,484,1,1,0,1
79,4,2015-07-30,6371,596,1,1,0,1
80,4,2015-07-30,8942,614,1,1,0,1
81,4,2015-07-30,7376,566,1,1,0,0
82,4,2015-07-30,10023,854,1,1,0,1
83,4,2015-07-30,3401,311,1,1,0,1
84,4,2015-07-30,12928,1255,1,1,0,1
85,4,2015-07-30,7187,1000,1,1,0,1
86,4,2015-07-30,4759,574,1,1,0,1
87,4,2015-07-30,6310,748,1,1,0,1
88,4,2015-07-30,7954,683,1,1,0,1
89,4,2015-07-30,6433,683,1,1,0,0
90,4,2015-07-30,8879,1017,1,1,0,1
91,4,2015-07-30,6151,538,1,1,0,1
92,4,2015-07-30,6683,598,1,1,0,1
93,4,2015-07-30,5897,585,1,1,0,1
94,4,2015-07-30,7964,649,1,1,0,1
95,4,2015-07-30,7525,794,1,1,0,1
96,4,2015-07-30,6308,634,1,1,0,1
97,4,2015-07-30,7695,713,1,1,0,1
98,4,2015-07-30,6399,455,1,1,0,1
99,4,2015-07-30,6046,500,1,1,0,0
100,4,2015-07-30,9631,761,1,1,0,0
101,4,2015-07-30,8655,709,1,1,0,1
102,4,2015-07-30,7241,949,1,1,0,1
103,4,2015-07-30,4461,393,1,1,0,1
104,4,2015-07-30,10463,1188,1,1,0,1
105,4,2015-07-30,6561,553,1,1,0,1
106,4,2015-07-30,8253,764,1,1,0,1
107,4,2015-07-30,8132,919,1,1,0,1
108,4,2015-07-30,14082,1015,1,1,0,0
109,4,2015-07-30,6082,660,1,1,0,1
110,4,2015-07-30,5680,660,1,1,0,1
111,4,2015-07-30,8446,633,1,1,0,1
112,4,2015-07-30,6071,693,1,1,0,1
113,4,2015-07-30,6819,631,1,1,0,0
114,4,2015-07-30,5272,579,1,1,0,1
115,4,2015-07-30,9370,636,1,1,0,0
116,4,2015-07-30,7138,719,1,1,0,1
117,4,2015-07-30,3921,458,1,1,0,1
118,4,2015-07-30,8263,659,1,1,0,1
119,4,2015-07-30,5737,580,1,1,0,1
120,4,2015-07-30,7749,668,1,1,0,1
121,4,2015-07-30,4422,461,1,1,0,1
122,4,2015-07-30,10576,1163,1,1,0,1
123,4,2015-07-30,9735,1022,1,1,0,1
124,4,2015-07-30,4046,453,1,1,0,1
125,4,2015-07-30,13146,1580,1,1,0,1
126,4,2015-07-30,6659,531,1,1,0,1
127,4,2015-07-30,6568,714,1,1,0,0
128,4,2015-07-30,8895,661,1,1,0,1
129,4,2015-07-30,9903,1242,1,1,0,0
130,4,2015-07-30,5773,560,1,1,0,1
131,4,2015-07-30,4608,460,1,1,0,1
132,4,2015-07-30,9173,717,1,1,0,0
133,4,2015-07-30,7083,725,1,1,0,1
134,4,2015-07-30,4963,486,1,1,0,1
135,4,2015-07-30,6568,525,1,1,0,1
136,4,2015-07-30,7977,548,1,1,0,0
137,4,2015-07-30,8026,966,1,1,0,0
138,4,2015-07-30,10018,927,1,1,0,1
139,4,2015-07-30,8083,625,1,1,0,0
140,4,2015-07-30,9419,1032,1,1,0,1
141,4,2015-07-30,6558,739,1,1,0,1
142,4,2015-07-30,4181,509,1,1,0,1
143,4,2015-07-30,6740,584,1,1,0,1
144,4,2015-07-30,9142,871,1,1,0,0
145,4,2015-07-30,10475,1325,1,1,0,0
146,4,2015-07-30,8798,734,1,1,0,1
147,4,2015-07-30,8504,796,1,1,0,1
148,4,2015-07-30,9151,801,1,1,0,1
149,4,2015-07-30,6362,589,1,1,0,0
150,4,2015-07-30,11755,1048,1,1,0,1
151,4,2015-07-30,7293,632,1,1,0,1
152,4,2015-07-30,6227,603,1,1,0,1
153,4,2015-07-30,7587,600,1,1,0,1
154,4,2015-07-30,10780,813,1,1,0,1
155,4,2015-07-30,7854,694,1,1,0,0
156,4,2015-07-30,8828,871,1,1,0,1
157,4,2015-07-30,10797,1005,1,1,0,1
158,4,2015-07-30,9662,538,1,1,0,1
159,4,2015-07-30,8741,713,1,1,0,0
160,4,2015-07-30,6442,565,1,1,0,1
161,4,2015-07-30,6558,702,1,1,0,1
162,4,2015-07-30,9618,598,1,1,0,1
163,4,2015-07-30,6122,759,1,1,0,1
164,4,2015-07-30,8844,755,1,1,0,0
165,4,2015-07-30,4504,469,1,1,0,0
166,4,2015-07-30,7130,877,1,1,0,1
167,4,2015-07-30,11616,1177,1,1,0,1
168,4,2015-07-30,8956,828,1,1,0,1
169,4,2015-07-30,7626,609,1,1,0,1
170,4,2015-07-30,4771,503,1,1,0,1
171,4,2015-07-30,8999,855,1,1,0,1
172,4,2015-07-30,7212,880,1,1,0,0
173,4,2015-07-30,8416,939,1,1,0,1
174,4,2015-07-30,6479,530,1,1,0,0
175,4,2015-07-30,5710,614,1,1,0,1
176,4,2015-07-30,5464,602,1,1,0,1
177,4,2015-07-30,4517,464,1,1,0,1
178,4,2015-07-30,12112,982,1,1,0,1
179,4,2015-07-30,9668,1107,1,1,0,1
180,4,2015-07-30,8365,823,1,1,0,1
181,4,2015-07-30,7860,744,1,1,0,0
182,4,2015-07-30,5812,431,1,1,0,1
183,4,2015-07-30,6066,729,1,1,0,0
184,4,2015-07-30,6370,529,1,1,0,1
185,4,2015-07-30,7120,505,1,1,0,1
186,4,2015-07-30,4278,385,1,1,0,0
187,4,2015-07-30,6673,701,1,1,0,1
188,4,2015-07-30,7630,582,1,1,0,1
189,4,2015-07-30,9207,803,1,1,0,1
190,4,2015-07-30,9079,754,1,1,0,0
191,4,2015-07-30,7531,751,1,1,0,0
192,4,2015-07-30,15620,925,1,1,0,0
193,4,2015-07-30,6288,828,1,1,0,1
194,4,2015-07-30,6586,501,1,1,0,1
195,4,2015-07-30,10916,1204,1,1,0,1
196,4,2015-07-30,5287,657,1,1,0,1
197,4,2015-07-30,7882,799,1,1,0,1
198,4,2015-07-30,3211,321,1,1,0,1
199,4,2015-07-30,9391,631,1,1,0,1
200,4,2015-07-30,7103,807,1,1,0,1
201,4,2015-07-30,6015,472,1,1,0,1
202,4,2015-07-30,7326,547,1,1,0,1
203,4,2015-07-30,7163,867,1,1,0,1
204,4,2015-07-30,5997,545,1,1,0,0
205,4,2015-07-30,6968,809,1,1,0,1
206,4,2015-07-30,8646,909,1,1,0,1
207,4,2015-07-30,10983,1146,1,1,0,1
208,4,2015-07-30,3453,407,1,1,0,1
209,4,2015-07-30,8144,762,1,1,0,1
210,4,2015-07-30,4338,360,1,1,0,1
211,4,2015-07-30,14477,1452,1,1,0,1
212,4,2015-07-30,4186,354,1,1,0,1
213,4,2015-07-30,9496,646,1,1,0,1
214,4,2015-07-30,8887,627,1,1,0,1
215,4,2015-07-30,8003,590,1,1,0,0
216,4,2015-07-30,7357,838,1,1,0,1
217,4,2015-07-30,4599,596,1,1,0,1
218,4,2015-07-30,5990,770,1,1,0,0
219,4,2015-07-30,3796,417,1,1,0,1
220,4,2015-07-30,4673,629,1,1,0,1
221,4,2015-07-30,6865,555,1,1,0,1
222,4,2015-07-30,4899,543,1,1,0,1
223,4,2015-07-30,6830,654,1,1,0,1
224,4,2015-07-30,9351,583,1,1,0,1
225,4,2015-07-30,7802,750,1,1,0,1
226,4,2015-07-30,6846,649,1,1,0,1
227,4,2015-07-30,6565,548,1,1,0,1
228,4,2015-07-30,9036,588,1,1,0,1
229,4,2015-07-30,10159,743,1,1,0,1
230,4,2015-07-30,7605,808,1,1,0,1
231,4,2015-07-30,7168,508,1,1,0,0
232,4,2015-07-30,4591,373,1,1,0,1
233,4,2015-07-30,12210,1142,1,1,0,1
234,4,2015-07-30,10327,949,1,1,0,1
235,4,2015-07-30,6122,495,1,1,0,1
236,4,2015-07-30,7648,909,1,1,0,1
237,4,2015-07-30,4365,540,1,1,0,1
238,4,2015-07-30,8478,1140,1,1,0,1
239,4,2015-07-30,5727,477,1,1,0,1
240,4,2015-07-30,4377,419,1,1,0,1
241,4,2015-07-30,6351,617,1,1,0,1
242,4,2015-07-30,4915,419,1,1,0,1
243,4,2015-07-30,9301,1139,1,1,0,0
244,4,2015-07-30,6116,571,1,1,0,1
245,4,2015-07-30,9978,1090,1,1,0,1
246,4,2015-07-30,7531,885,1,1,0,1
247,4,2015-07-30,9354,678,1,1,0,1
248,4,2015-07-30,6738,818,1,1,0,1
249,4,2015-07-30,5770,510,1,1,0,1
250,4,2015-07-30,10695,705,1,1,0,1
251,4,2015-07-30,20061,2377,1,1,0,1
252,4,2015-07-30,12166,842,1,1,0,1
253,4,2015-07-30,6707,732,1,1,0,1
254,4,2015-07-30,3565,276,1,1,0,1
255,4,2015-07-30,7510,657,1,1,0,1
256,4,2015-07-30,9677,1036,1,1,0,1
257,4,2015-07-30,5646,576,1,1,0,1
258,4,2015-07-30,6681,614,1,1,0,0
259,4,2015-07-30,12178,2477,1,1,0,1
260,4,2015-07-30,5873,791,1,1,0,1
261,4,2015-07-30,14051,1003,1,1,0,1
262,4,2015-07-30,22253,3132,1,1,0,1
263,4,2015-07-30,4381,374,1,1,0,0
264,4,2015-07-30,7955,890,1,1,0,1
265,4,2015-07-30,6648,572,1,1,0,1
266,4,2015-07-30,4602,535,1,1,0,1
267,4,2015-07-30,14475,1697,1,1,0,1
268,4,2015-07-30,5188,544,1,1,0,1
269,4,2015-07-30,8465,1023,1,1,0,1
270,4,2015-07-30,9969,1180,1,1,0,1
271,4,2015-07-30,9447,907,1,1,0,1
272,4,2015-07-30,7819,696,1,1,0,1
273,4,2015-07-30,9699,769,1,1,0,1
274,4,2015-07-30,5625,1158,1,1,0,1
275,4,2015-07-30,6903,657,1,1,0,0
276,4,2015-07-30,4283,539,1,1,0,1
277,4,2015-07-30,8029,598,1,1,0,0
278,4,2015-07-30,7580,748,1,1,0,1
279,4,2015-07-30,12275,730,1,1,0,0
280,4,2015-07-30,7302,531,1,1,0,1
281,4,2015-07-30,6846,534,1,1,0,1
282,4,2015-07-30,4739,619,1,1,0,1
283,4,2015-07-30,9079,802,1,1,0,0
284,4,2015-07-30,6518,480,1,1,0,0
285,4,2015-07-30,5459,453,1,1,0,1
286,4,2015-07-30,4192,380,1,1,0,1
287,4,2015-07-30,9614,856,1,1,0,0
288,4,2015-07-30,5825,430,1,1,0,0
289,4,2015-07-30,6209,528,1,1,0,1
290,4,2015-07-30,7395,651,1,1,0,1
291,4,2015-07-30,9030,883,1,1,0,1
292,4,2015-07-30,0,0,0,1,0,1
293,4,2015-07-30,6748,837,1,1,0,1
294,4,2015-07-30,7855,855,1,1,0,1
295,4,2015-07-30,7240,887,1,1,0,1
296,4,2015-07-30,7898,746,1,1,0,1
297,4,2015-07-30,8318,808,1,1,0,1
298,4,2015-07-30,8765,683,1,1,0,0
299,4,2015-07-30,9853,1020,1,1,0,1
300,4,2015-07-30,8095,909,1,1,0,1
301,4,2015-07-30,6307,577,1,1,0,1
302,4,2015-07-30,4099,326,1,1,0,1
303,4,2015-07-30,7199,714,1,1,0,1
304,4,2015-07-30,7300,946,1,1,0,1
305,4,2015-07-30,6484,556,1,1,0,1
306,4,2015-07-30,5643,574,1,1,0,0
307,4,2015-07-30,3632,373,1,1,0,1
308,4,2015-07-30,9306,884,1,1,0,1
309,4,2015-07-30,8231,641,1,1,0,1
310,4,2015-07-30,11135,824,1,1,0,1
311,4,2015-07-30,7542,779,1,1,0,1
312,4,2015-07-30,6067,550,1,1,0,1
313,4,2015-07-30,8760,754,1,1,0,1
314,4,2015-07-30,6330,651,1,1,0,1
315,4,2015-07-30,4723,496,1,1,0,1
316,4,2015-07-30,10450,905,1,1,0,1
317,4,2015-07-30,6200,591,1,1,0,0
318,4,2015-07-30,8000,671,1,1,0,1
319,4,2015-07-30,7955,764,1,1,0,1
320,4,2015-07-30,16912,2071,1,1,0,1
321,4,2015-07-30,7119,656,1,1,0,1
322,4,2015-07-30,6333,685,1,1,0,1
323,4,2015-07-30,7648,607,1,1,0,1
324,4,2015-07-30,7724,865,1,1,0,1
325,4,2015-07-30,9089,923,1,1,0,1
326,4,2015-07-30,6385,453,1,1,0,1
327,4,2015-07-30,8328,965,1,1,0,1
328,4,2015-07-30,4781,516,1,1,0,1
329,4,2015-07-30,7316,672,1,1,0,1
330,4,2015-07-30,4201,400,1,1,0,1
331,4,2015-07-30,6202,751,1,1,0,1
332,4,2015-07-30,4292,489,1,1,0,1
333,4,2015-07-30,11634,1332,1,1,0,1
334,4,2015-07-30,6050,539,1,1,0,1
335,4,2015-07-30,16308,2523,1,1,0,1
336,4,2015-07-30,15959,2051,1,1,0,1
337,4,2015-07-30,6031,398,1,1,0,1
338,4,2015-07-30,7538,609,1,1,0,1
339,4,2015-07-30,5511,668,1,1,0,1
340,4,2015-07-30,6732,645,1,1,0,1
341,4,2015-07-30,5326,667,1,1,0,1
342,4,2015-07-30,13146,893,1,1,0,0
343,4,2015-07-30,8420,727,1,1,0,1
344,4,2015-07-30,10488,1168,1,1,0,1
345,4,2015-07-30,5459,580,1,1,0,0
346,4,2015-07-30,7781,656,1,1,0,1
347,4,2015-07-30,5716,431,1,1,0,1
348,4,2015-07-30,10112,787,1,1,0,0
349,4,2015-07-30,8450,831,1,1,0,1
350,4,2015-07-30,7772,497,1,1,0,1
351,4,2015-07-30,7523,554,1,1,0,1
352,4,2015-07-30,7748,626,1,1,0,1
353,4,2015-07-30,6514,1645,1,1,0,1
354,4,2015-07-30,7992,620,1,1,0,1
355,4,2015-07-30,9842,1054,1,1,0,1
356,4,2015-07-30,7495,514,1,1,0,1
357,4,2015-07-30,9981,1101,1,1,0,1
358,4,2015-07-30,11466,1119,1,1,0,1
359,4,2015-07-30,7694,635,1,1,0,1
360,4,2015-07-30,7854,721,1,1,0,1
361,4,2015-07-30,7894,694,1,1,0,1
362,4,2015-07-30,10216,1169,1,1,0,1
363,4,2015-07-30,6942,860,1,1,0,1
364,4,2015-07-30,6250,691,1,1,0,1
365,4,2015-07-30,8197,737,1,1,0,0
366,4,2015-07-30,8215,697,1,1,0,1
367,4,2015-07-30,4945,479,1,1,0,1
368,4,2015-07-30,12314,812,1,1,0,1
369,4,2015-07-30,6986,573,1,1,0,1
370,4,2015-07-30,9120,687,1,1,0,1
371,4,2015-07-30,7633,558,1,1,0,1
372,4,2015-07-30,9867,738,1,1,0,1
373,4,2015-07-30,5028,333,1,1,0,1
374,4,2015-07-30,7271,793,1,1,0,1
375,4,2015-07-30,11497,873,1,1,0,1
376,4,2015-07-30,8327,871,1,1,0,1
377,4,2015-07-30,9044,894,1,1,0,1
378,4,2015-07-30,8125,1117,1,1,0,1
379,4,2015-07-30,4653,457,1,1,0,1
380,4,2015-07-30,14706,1354,1,1,0,1
381,4,2015-07-30,10231,966,1,1,0,1
382,4,2015-07-30,9028,707,1,1,0,1
383,4,2015-07-30,19194,2170,1,1,0,1
384,4,2015-07-30,11088,1186,1,1,0,1
385,4,2015-07-30,7699,678,1,1,0,0
386,4,2015-07-30,8658,617,1,1,0,1
387,4,2015-07-30,10764,1213,1,1,0,1
388,4,2015-07-30,10708,1085,1,1,0,1
389,4,2015-07-30,12000,1289,1,1,0,1
390,4,2015-07-30,11936,979,1,1,0,1
391,4,2015-07-30,6777,697,1,1,0,1
392,4,2015-07-30,6805,680,1,1,0,1
393,4,2015-07-30,6852,620,1,1,0,1
394,4,2015-07-30,8920,684,1,1,0,1
395,4,2015-07-30,3434,429,1,1,0,1
396,4,2015-07-30,14092,1338,1,1,0,1
397,4,2015-07-30,6728,734,1,1,0,1
398,4,2015-07-30,7098,665,1,1,0,1
399,4,2015-07-30,6960,625,1,1,0,0
400,4,2015-07-30,9654,1238,1,1,0,1
401,4,2015-07-30,8706,696,1,1,0,1
402,4,2015-07-30,6815,657,1,1,0,1
403,4,2015-07-30,8227,769,1,1,0,1
404,4,2015-07-30,6772,695,1,1,0,1
405,4,2015-07-30,5084,495,1,1,0,1
406,4,2015-07-30,7903,535,1,1,0,1
407,4,2015-07-30,4843,394,1,1,0,0
408,4,2015-07-30,6129,510,1,1,0,1
409,4,2015-07-30,9211,678,1,1,0,1
410,4,2015-07-30,6812,779,1,1,0,1
411,4,2015-07-30,10325,722,1,1,0,1
412,4,2015-07-30,10247,672,1,1,0,0
413,4,2015-07-30,8642,1045,1,1,0,0
414,4,2015-07-30,7278,486,1,1,0,1
415,4,2015-07-30,7257,587,1,1,0,1
416,4,2015-07-30,12628,1389,1,1,0,1
417,4,2015-07-30,7434,678,1,1,0,1
418,4,2015-07-30,6038,546,1,1,0,1
419,4,2015-07-30,5614,796,1,1,0,1
420,4,2015-07-30,5767,485,1,1,0,0
421,4,2015-07-30,13964,1263,1,1,0,1
422,4,2015-07-30,4676,425,1,1,0,1
423,4,2015-07-30,11101,1895,1,1,0,1
424,4,2015-07-30,7076,681,1,1,0,1
425,4,2015-07-30,3150,395,1,1,0,1
426,4,2015-07-30,5125,590,1,1,0,1
427,4,2015-07-30,12943,933,1,1,0,0
428,4,2015-07-30,7610,598,1,1,0,0
429,4,2015-07-30,6145,461,1,1,0,0
430,4,2015-07-30,10116,737,1,1,0,0
431,4,2015-07-30,10765,1043,1,1,0,1
432,4,2015-07-30,13839,1726,1,1,0,1
433,4,2015-07-30,7092,734,1,1,0,1
434,4,2015-07-30,11115,715,1,1,0,0
435,4,2015-07-30,3405,378,1,1,0,1
436,4,2015-07-30,6333,648,1,1,0,1
437,4,2015-07-30,7596,726,1,1,0,1
438,4,2015-07-30,6078,561,1,1,0,1
439,4,2015-07-30,6905,790,1,1,0,1
440,4,2015-07-30,6681,626,1,1,0,1
441,4,2015-07-30,6399,673,1,1,0,1
442,4,2015-07-30,5809,518,1,1,0,1
443,4,2015-07-30,5920,518,1,1,0,1
444,4,2015-07-30,12129,1343,1,1,0,1
445,4,2015-07-30,9424,1309,1,1,0,1
446,4,2015-07-30,5561,598,1,1,0,1
447,4,2015-07-30,4704,510,1,1,0,1
448,4,2015-07-30,8584,691,1,1,0,1
449,4,2015-07-30,11944,1461,1,1,0,1
450,4,2015-07-30,13984,1455,1,1,0,1
451,4,2015-07-30,6385,486,1,1,0,1
452,4,2015-07-30,6254,538,1,1,0,1
453,4,2015-07-30,12678,1403,1,1,0,1
454,4,2015-07-30,7210,737,1,1,0,1
455,4,2015-07-30,9372,509,1,1,0,1
456,4,2015-07-30,7231,924,1,1,0,1
457,4,2015-07-30,6350,497,1,1,0,0
458,4,2015-07-30,7531,622,1,1,0,1
459,4,2015-07-30,10847,1173,1,1,0,1
460,4,2015-07-30,4472,411,1,1,0,1
461,4,2015-07-30,4882,478,1,1,0,1
462,4,2015-07-30,5259,647,1,1,0,1
463,4,2015-07-30,6068,876,1,1,0,1
464,4,2015-07-30,10953,1256,1,1,0,1
465,4,2015-07-30,9077,640,1,1,0,1
466,4,2015-07-30,8869,727,1,1,0,1
467,4,2015-07-30,14503,1586,1,1,0,1
468,4,2015-07-30,9458,912,1,1,0,1
469,4,2015-07-30,12844,1491,1,1,0,1
470,4,2015-07-30,12576,1607,1,1,0,1
471,4,2015-07-30,8119,646,1,1,0,0
472,4,2015-07-30,6281,659,1,1,0,1
473,4,2015-07-30,4171,503,1,1,0,1
474,4,2015-07-30,7921,728,1,1,0,1
475,4,2015-07-30,5814,865,1,1,0,1
476,4,2015-07-30,7205,688,1,1,0,1
477,4,2015-07-30,6766,448,1,1,0,0
478,4,2015-07-30,7985,694,1,1,0,1
479,4,2015-07-30,14465,1429,1,1,0,1
480,4,2015-07-30,4940,608,1,1,0,1
481,4,2015-07-30,6485,531,1,1,0,1
482,4,2015-07-30,9017,930,1,1,0,1
483,4,2015-07-30,7614,860,1,1,0,1
484,4,2015-07-30,8031,672,1,1,0,1
485,4,2015-07-30,6782,512,1,1,0,0
486,4,2015-07-30,5735,606,1,1,0,1
487,4,2015-07-30,9484,754,1,1,0,1
488,4,2015-07-30,2999,314,1,1,0,1
489,4,2015-07-30,10307,769,1,1,0,1
490,4,2015-07-30,8458,1061,1,1,0,0
491,4,2015-07-30,8141,623,1,1,0,1
492,4,2015-07-30,8929,1245,1,1,0,0
493,4,2015-07-30,10321,867,1,1,0,1
494,4,2015-07-30,9013,1095,1,1,0,1
495,4,2015-07-30,6671,441,1,1,0,1
496,4,2015-07-30,8172,736,1,1,0,1
497,4,2015-07-30,9264,1032,1,1,0,1
498,4,2015-07-30,6953,891,1,1,0,0
499,4,2015-07-30,6651,786,1,1,0,1
500,4,2015-07-30,7853,505,1,1,0,0
501,4,2015-07-30,6097,602,1,1,0,0
502,4,2015-07-30,12534,1522,1,1,0,1
503,4,2015-07-30,9715,608,1,1,0,1
504,4,2015-07-30,7075,878,1,1,0,1
505,4,2015-07-30,6546,663,1,1,0,1
506,4,2015-07-30,7922,836,1,1,0,1
507,4,2015-07-30,9704,694,1,1,0,1
508,4,2015-07-30,8006,700,1,1,0,1
509,4,2015-07-30,6975,533,1,1,0,1
510,4,2015-07-30,9186,818,1,1,0,1
511,4,2015-07-30,5440,732,1,1,0,1
512,4,2015-07-30,6606,1527,1,1,0,0
513,4,2015-07-30,17623,1896,1,1,0,1
514,4,2015-07-30,6981,674,1,1,0,0
515,4,2015-07-30,10131,740,1,1,0,1
516,4,2015-07-30,7996,862,1,1,0,1
517,4,2015-07-30,7802,732,1,1,0,1
518,4,2015-07-30,7440,545,1,1,0,0
519,4,2015-07-30,6309,607,1,1,0,1
520,4,2015-07-30,4281,412,1,1,0,1
521,4,2015-07-30,6260,462,1,1,0,1
522,4,2015-07-30,10430,741,1,1,0,0
523,4,2015-07-30,14171,1476,1,1,0,1
524,4,2015-07-30,10041,894,1,1,0,1
525,4,2015-07-30,9673,757,1,1,0,1
526,4,2015-07-30,13164,1550,1,1,0,1
527,4,2015-07-30,10469,897,1,1,0,1
528,4,2015-07-30,12792,981,1,1,0,1
529,4,2015-07-30,8731,762,1,1,0,1
530,4,2015-07-30,8020,1316,1,1,0,1
531,4,2015-07-30,5144,548,1,1,0,1
532,4,2015-07-30,11119,1217,1,1,0,1
533,4,2015-07-30,13128,1078,1,1,0,1
534,4,2015-07-30,9246,653,1,1,0,0
535,4,2015-07-30,9373,960,1,1,0,1
536,4,2015-07-30,10052,882,1,1,0,1
537,4,2015-07-30,8144,764,1,1,0,1
538,4,2015-07-30,3834,539,1,1,0,1
539,4,2015-07-30,13424,1205,1,1,0,0
540,4,2015-07-30,8241,531,1,1,0,0
541,4,2015-07-30,8756,918,1,1,0,1
542,4,2015-07-30,7236,601,1,1,0,0
543,4,2015-07-30,3309,273,1,1,0,1
544,4,2015-07-30,14988,1814,1,1,0,1
545,4,2015-07-30,12624,1024,1,1,0,1
546,4,2015-07-30,14553,1599,1,1,0,1
547,4,2015-07-30,8165,535,1,1,0,0
548,4,2015-07-30,4674,318,1,1,0,1
549,4,2015-07-30,4629,518,1,1,0,1
550,4,2015-07-30,5810,438,1,1,0,1
551,4,2015-07-30,6429,887,1,1,0,1
552,4,2015-07-30,9055,740,1,1,0,1
553,4,2015-07-30,8898,734,1,1,0,1
554,4,2015-07-30,5086,609,1,1,0,1
555,4,2015-07-30,5990,499,1,1,0,0
556,4,2015-07-30,7837,855,1,1,0,1
557,4,2015-07-30,4196,580,1,1,0,1
558,4,2015-07-30,3500,464,1,1,0,1
559,4,2015-07-30,7387,880,1,1,0,1
560,4,2015-07-30,14653,1615,1,1,0,1
561,4,2015-07-30,7535,682,1,1,0,1
562,4,2015-07-30,18577,2984,1,1,0,1
563,4,2015-07-30,4898,591,1,1,0,1
564,4,2015-07-30,6413,523,1,1,0,1
565,4,2015-07-30,6938,699,1,1,0,1
566,4,2015-07-30,5741,543,1,1,0,1
567,4,2015-07-30,5983,670,1,1,0,1
568,4,2015-07-30,6137,429,1,1,0,1
569,4,2015-07-30,4304,633,1,1,0,1
570,4,2015-07-30,3908,560,1,1,0,1
571,4,2015-07-30,8559,600,1,1,0,0
572,4,2015-07-30,7766,570,1,1,0,1
573,4,2015-07-30,4298,359,1,1,0,0
574,4,2015-07-30,11157,699,1,1,0,1
575,4,2015-07-30,7689,630,1,1,0,0
576,4,2015-07-30,6691,846,1,1,0,1
577,4,2015-07-30,4061,442,1,1,0,1
578,4,2015-07-30,12541,1172,1,1,0,1
579,4,2015-07-30,8129,850,1,1,0,1
580,4,2015-07-30,8995,1296,1,1,0,1
581,4,2015-07-30,5747,584,1,1,0,1
582,4,2015-07-30,7535,860,1,1,0,1
583,4,2015-07-30,4532,437,1,1,0,1
584,4,2015-07-30,5301,437,1,1,0,1
585,4,2015-07-30,5863,662,1,1,0,1
586,4,2015-07-30,16307,2279,1,1,0,1
587,4,2015-07-30,11542,759,1,1,0,0
588,4,2015-07-30,7724,683,1,1,0,1
589,4,2015-07-30,6148,570,1,1,0,1
590,4,2015-07-30,5654,390,1,1,0,1
591,4,2015-07-30,6750,515,1,1,0,1
592,4,2015-07-30,5259,634,1,1,0,1
593,4,2015-07-30,12571,1413,1,1,0,1
594,4,2015-07-30,4451,461,1,1,0,1
595,4,2015-07-30,14978,1597,1,1,0,1
596,4,2015-07-30,5136,741,1,1,0,1
597,4,2015-07-30,6221,828,1,1,0,1
598,4,2015-07-30,7030,754,1,1,0,0
599,4,2015-07-30,10234,814,1,1,0,1
600,4,2015-07-30,9309,658,1,1,0,1
601,4,2015-07-30,5249,394,1,1,0,1
602,4,2015-07-30,7007,627,1,1,0,1
603,4,2015-07-30,8713,1113,1,1,0,1
604,4,2015-07-30,7673,566,1,1,0,0
605,4,2015-07-30,9623,581,1,1,0,1
606,4,2015-07-30,5739,563,1,1,0,1
607,4,2015-07-30,4331,460,1,1,0,1
608,4,2015-07-30,13085,1129,1,1,0,1
609,4,2015-07-30,4995,492,1,1,0,1
610,4,2015-07-30,4228,470,1,1,0,1
611,4,2015-07-30,6291,498,1,1,0,0
612,4,2015-07-30,7850,442,1,1,0,0
613,4,2015-07-30,6872,903,1,1,0,1
614,4,2015-07-30,7054,975,1,1,0,1
615,4,2015-07-30,10078,1213,1,1,0,1
616,4,2015-07-30,8137,733,1,1,0,1
617,4,2015-07-30,7335,645,1,1,0,1
618,4,2015-07-30,8189,524,1,1,0,1
619,4,2015-07-30,7351,529,1,1,0,0
620,4,2015-07-30,9976,803,1,1,0,0
621,4,2015-07-30,5837,744,1,1,0,1
622,4,2015-07-30,5412,406,1,1,0,1
623,4,2015-07-30,7454,807,1,1,0,1
624,4,2015-07-30,8159,720,1,1,0,1
625,4,2015-07-30,6807,652,1,1,0,1
626,4,2015-07-30,12281,952,1,1,0,1
627,4,2015-07-30,7760,694,1,1,0,1
628,4,2015-07-30,7670,806,1,1,0,1
629,4,2015-07-30,7252,565,1,1,0,0
630,4,2015-07-30,7768,843,1,1,0,1
631,4,2015-07-30,5650,574,1,1,0,1
632,4,2015-07-30,7772,900,1,1,0,1
633,4,2015-07-30,6617,474,1,1,0,0
634,4,2015-07-30,8270,755,1,1,0,1
635,4,2015-07-30,7676,659,1,1,0,1
636,4,2015-07-30,9084,914,1,1,0,0
637,4,2015-07-30,11803,859,1,1,0,0
638,4,2015-07-30,7197,536,1,1,0,0
639,4,2015-07-30,4862,437,1,1,0,1
640,4,2015-07-30,10850,730,1,1,0,1
641,4,2015-07-30,6726,625,1,1,0,1
642,4,2015-07-30,3287,394,1,1,0,1
643,4,2015-07-30,8543,880,1,1,0,1
644,4,2015-07-30,10081,1070,1,1,0,0
645,4,2015-07-30,15681,1599,1,1,0,1
646,4,2015-07-30,5992,764,1,1,0,0
647,4,2015-07-30,6260,612,1,1,0,1
648,4,2015-07-30,6861,543,1,1,0,1
649,4,2015-07-30,3538,358,1,1,0,1
650,4,2015-07-30,7171,687,1,1,0,0
651,4,2015-07-30,7241,850,1,1,0,1
652,4,2015-07-30,8503,791,1,1,0,1
653,4,2015-07-30,7396,536,1,1,0,1
654,4,2015-07-30,8114,760,1,1,0,1
655,4,2015-07-30,9988,757,1,1,0,1
656,4,2015-07-30,3944,377,1,1,0,1
657,4,2015-07-30,6264,721,1,1,0,1
658,4,2015-07-30,5765,550,1,1,0,1
659,4,2015-07-30,5801,661,1,1,0,1
660,4,2015-07-30,7027,655,1,1,0,0
661,4,2015-07-30,6335,485,1,1,0,1
662,4,2015-07-30,8656,729,1,1,0,1
663,4,2015-07-30,7084,871,1,1,0,1
664,4,2015-07-30,6431,663,1,1,0,1
665,4,2015-07-30,9400,1303,1,1,0,1
666,4,2015-07-30,10116,828,1,1,0,1
667,4,2015-07-30,9417,764,1,1,0,1
668,4,2015-07-30,9491,1115,1,1,0,1
669,4,2015-07-30,5274,442,1,1,0,0
670,4,2015-07-30,8683,798,1,1,0,0
671,4,2015-07-30,8045,712,1,1,0,0
672,4,2015-07-30,8862,1269,1,1,0,1
673,4,2015-07-30,10882,770,1,1,0,1
674,4,2015-07-30,9294,962,1,1,0,1
675,4,2015-07-30,5929,634,1,1,0,1
676,4,2015-07-30,9128,1852,1,1,0,1
677,4,2015-07-30,7761,651,1,1,0,0
678,4,2015-07-30,8617,792,1,1,0,1
679,4,2015-07-30,9558,930,1,1,0,1
680,4,2015-07-30,6866,844,1,1,0,1
681,4,2015-07-30,4860,566,1,1,0,1
682,4,2015-07-30,13026,1837,1,1,0,1
683,4,2015-07-30,8879,847,1,1,0,1
684,4,2015-07-30,10163,721,1,1,0,0
685,4,2015-07-30,7205,623,1,1,0,1
686,4,2015-07-30,8244,897,1,1,0,1
687,4,2015-07-30,9416,752,1,1,0,1
688,4,2015-07-30,4188,416,1,1,0,1
689,4,2015-07-30,7416,710,1,1,0,1
690,4,2015-07-30,5565,775,1,1,0,1
691,4,2015-07-30,9221,582,1,1,0,1
692,4,2015-07-30,7397,780,1,1,0,1
693,4,2015-07-30,7916,569,1,1,0,1
694,4,2015-07-30,9412,796,1,1,0,0
695,4,2015-07-30,7159,616,1,1,0,1
696,4,2015-07-30,9783,1023,1,1,0,1
697,4,2015-07-30,11477,945,1,1,0,1
698,4,2015-07-30,15796,1795,1,1,0,1
699,4,2015-07-30,9581,1096,1,1,0,1
700,4,2015-07-30,5518,625,1,1,0,1
701,4,2015-07-30,7622,693,1,1,0,0
702,4,2015-07-30,6064,439,1,1,0,0
703,4,2015-07-30,2897,334,1,1,0,1
704,4,2015-07-30,10659,1069,1,1,0,1
705,4,2015-07-30,9108,1006,1,1,0,1
706,4,2015-07-30,7122,596,1,1,0,0
707,4,2015-07-30,10094,934,1,1,0,1
708,4,2015-07-30,6591,601,1,1,0,1
709,4,2015-07-30,10132,1286,1,1,0,1
710,4,2015-07-30,5737,416,1,1,0,0
711,4,2015-07-30,7164,514,1,1,0,0
712,4,2015-07-30,7601,655,1,1,0,0
713,4,2015-07-30,9881,1031,1,1,0,1
714,4,2015-07-30,6247,388,1,1,0,1
715,4,2015-07-30,7856,778,1,1,0,1
716,4,2015-07-30,6693,488,1,1,0,0
717,4,2015-07-30,5646,539,1,1,0,1
718,4,2015-07-30,9103,848,1,1,0,1
719,4,2015-07-30,6761,516,1,1,0,0
720,4,2015-07-30,8264,690,1,1,0,1
721,4,2015-07-30,8629,725,1,1,0,1
722,4,2015-07-30,8521,1269,1,1,0,1
723,4,2015-07-30,10117,705,1,1,0,1
724,4,2015-07-30,7807,767,1,1,0,1
725,4,2015-07-30,6783,594,1,1,0,1
726,4,2015-07-30,12562,1055,1,1,0,1
727,4,2015-07-30,5357,495,1,1,0,1
728,4,2015-07-30,6323,488,1,1,0,1
729,4,2015-07-30,11337,1026,1,1,0,1
730,4,2015-07-30,6771,786,1,1,0,1
731,4,2015-07-30,9700,841,1,1,0,1
732,4,2015-07-30,10812,1214,1,1,0,1
733,4,2015-07-30,14531,3145,1,1,0,1
734,4,2015-07-30,5725,470,1,1,0,1
735,4,2015-07-30,6249,528,1,1,0,1
736,4,2015-07-30,7093,609,1,1,0,0
737,4,2015-07-30,6719,869,1,1,0,1
738,4,2015-07-30,9250,689,1,1,0,1
739,4,2015-07-30,10692,826,1,1,0,0
740,4,2015-07-30,8162,553,1,1,0,1
741,4,2015-07-30,9436,1026,1,1,0,1
742,4,2015-07-30,9353,894,1,1,0,1
743,4,2015-07-30,4772,479,1,1,0,1
744,4,2015-07-30,8435,866,1,1,0,0
745,4,2015-07-30,9628,737,1,1,0,1
746,4,2015-07-30,7357,571,1,1,0,1
747,4,2015-07-30,9946,722,1,1,0,1
748,4,2015-07-30,5734,480,1,1,0,1
749,4,2015-07-30,5243,575,1,1,0,1
750,4,2015-07-30,5842,433,1,1,0,0
751,4,2015-07-30,4162,512,1,1,0,1
752,4,2015-07-30,6459,510,1,1,0,1
753,4,2015-07-30,8972,667,1,1,0,1
754,4,2015-07-30,8588,912,1,1,0,1
755,4,2015-07-30,11456,918,1,1,0,1
756,4,2015-07-30,18741,2292,1,1,0,1
757,4,2015-07-30,7813,622,1,1,0,1
758,4,2015-07-30,5753,679,1,1,0,1
759,4,2015-07-30,9791,861,1,1,0,1
760,4,2015-07-30,7249,1237,1,1,0,1
761,4,2015-07-30,9296,964,1,1,0,1
762,4,2015-07-30,5466,486,1,1,0,1
763,4,2015-07-30,6933,623,1,1,0,1
764,4,2015-07-30,5053,497,1,1,0,1
765,4,2015-07-30,11083,807,1,1,0,1
766,4,2015-07-30,7123,604,1,1,0,0
767,4,2015-07-30,6199,572,1,1,0,1
768,4,2015-07-30,14590,1323,1,1,0,1
769,4,2015-07-30,11231,3099,1,1,0,1
770,4,2015-07-30,6166,631,1,1,0,1
771,4,2015-07-30,8374,807,1,1,0,0
772,4,2015-07-30,4301,530,1,1,0,1
773,4,2015-07-30,6105,793,1,1,0,1
774,4,2015-07-30,5347,611,1,1,0,1
775,4,2015-07-30,10337,655,1,1,0,0
776,4,2015-07-30,5310,560,1,1,0,1
777,4,2015-07-30,5116,438,1,1,0,1
778,4,2015-07-30,6824,791,1,1,0,0
779,4,2015-07-30,8207,766,1,1,0,1
780,4,2015-07-30,7896,920,1,1,0,1
781,4,2015-07-30,4831,609,1,1,0,1
782,4,2015-07-30,6001,502,1,1,0,1
783,4,2015-07-30,7736,652,1,1,0,1
784,4,2015-07-30,6994,708,1,1,0,1
785,4,2015-07-30,8803,665,1,1,0,1
786,4,2015-07-30,3722,501,1,1,0,1
787,4,2015-07-30,10807,1083,1,1,0,1
788,4,2015-07-30,16693,1586,1,1,0,1
789,4,2015-07-30,4662,550,1,1,0,1
790,4,2015-07-30,7732,647,1,1,0,1
791,4,2015-07-30,9553,871,1,1,0,1
792,4,2015-07-30,9090,732,1,1,0,1
793,4,2015-07-30,5061,461,1,1,0,1
794,4,2015-07-30,3254,549,1,1,0,1
795,4,2015-07-30,4996,445,1,1,0,1
796,4,2015-07-30,9260,737,1,1,0,1
797,4,2015-07-30,5239,484,1,1,0,0
798,4,2015-07-30,7963,873,1,1,0,1
799,4,2015-07-30,9444,851,1,1,0,1
800,4,2015-07-30,6089,496,1,1,0,1
801,4,2015-07-30,8207,702,1,1,0,1
802,4,2015-07-30,8878,556,1,1,0,1
803,4,2015-07-30,6601,486,1,1,0,1
804,4,2015-07-30,5876,454,1,1,0,0
805,4,2015-07-30,6383,560,1,1,0,0
806,4,2015-07-30,9210,616,1,1,0,0
807,4,2015-07-30,9477,898,1,1,0,1
808,4,2015-07-30,9579,676,1,1,0,1
809,4,2015-07-30,10221,818,1,1,0,1
810,4,2015-07-30,6124,461,1,1,0,1
811,4,2015-07-30,4406,679,1,1,0,1
812,4,2015-07-30,6650,786,1,1,0,1
813,4,2015-07-30,7132,701,1,1,0,1
814,4,2015-07-30,10220,791,1,1,0,1
815,4,2015-07-30,7983,666,1,1,0,0
816,4,2015-07-30,4559,602,1,1,0,1
817,4,2015-07-30,22177,2941,1,1,0,1
818,4,2015-07-30,6752,613,1,1,0,1
819,4,2015-07-30,6334,523,1,1,0,1
820,4,2015-07-30,14208,1194,1,1,0,0
821,4,2015-07-30,7641,843,1,1,0,1
822,4,2015-07-30,9627,678,1,1,0,1
823,4,2015-07-30,6410,567,1,1,0,1
824,4,2015-07-30,6893,763,1,1,0,1
825,4,2015-07-30,5769,641,1,1,0,0
826,4,2015-07-30,8747,749,1,1,0,1
827,4,2015-07-30,15671,1806,1,1,0,1
828,4,2015-07-30,5821,598,1,1,0,1
829,4,2015-07-30,7339,864,1,1,0,1
830,4,2015-07-30,7614,544,1,1,0,1
831,4,2015-07-30,13681,1579,1,1,0,1
832,4,2015-07-30,7628,576,1,1,0,1
833,4,2015-07-30,6620,524,1,1,0,1
834,4,2015-07-30,6399,660,1,1,0,1
835,4,2015-07-30,6159,605,1,1,0,1
836,4,2015-07-30,6343,720,1,1,0,1
837,4,2015-07-30,4470,502,1,1,0,1
838,4,2015-07-30,8699,817,1,1,0,1
839,4,2015-07-30,4375,555,1,1,0,1
840,4,2015-07-30,8183,1059,1,1,0,1
841,4,2015-07-30,2634,373,1,1,0,1
842,4,2015-07-30,20363,1190,1,1,0,0
843,4,2015-07-30,9326,1000,1,1,0,1
844,4,2015-07-30,4471,409,1,1,0,1
845,4,2015-07-30,5090,343,1,1,0,1
846,4,2015-07-30,11978,907,1,1,0,1
847,4,2015-07-30,7380,925,1,1,0,1
848,4,2015-07-30,9474,900,1,1,0,1
849,4,2015-07-30,9459,903,1,1,0,1
850,4,2015-07-30,6081,609,1,1,0,1
851,4,2015-07-30,6207,491,1,1,0,0
852,4,2015-07-30,5929,628,1,1,0,1
853,4,2015-07-30,12249,1257,1,1,0,1
854,4,2015-07-30,5328,540,1,1,0,1
855,4,2015-07-30,8447,782,1,1,0,1
856,4,2015-07-30,8167,924,1,1,0,1
857,4,2015-07-30,9334,973,1,1,0,1
858,4,2015-07-30,6080,501,1,1,0,0
859,4,2015-07-30,8132,799,1,1,0,0
860,4,2015-07-30,8063,809,1,1,0,1
861,4,2015-07-30,4923,625,1,1,0,1
862,4,2015-07-30,9337,938,1,1,0,1
863,4,2015-07-30,9506,1007,1,1,0,1
864,4,2015-07-30,5624,674,1,1,0,1
865,4,2015-07-30,7327,612,1,1,0,1
866,4,2015-07-30,8991,578,1,1,0,1
867,4,2015-07-30,6237,531,1,1,0,1
868,4,2015-07-30,11790,657,1,1,0,1
869,4,2015-07-30,6494,861,1,1,0,1
870,4,2015-07-30,7247,885,1,1,0,1
871,4,2015-07-30,7735,511,1,1,0,1
872,4,2015-07-30,8093,689,1,1,0,1
873,4,2015-07-30,3487,391,1,1,0,1
874,4,2015-07-30,5345,526,1,1,0,1
875,4,2015-07-30,5690,432,1,1,0,1
876,4,2015-07-30,0,0,0,1,0,1
877,4,2015-07-30,6242,778,1,1,0,1
878,4,2015-07-30,10647,824,1,1,0,1
879,4,2015-07-30,5861,426,1,1,0,0
880,4,2015-07-30,10195,939,1,1,0,1
881,4,2015-07-30,5571,625,1,1,0,1
882,4,2015-07-30,6491,763,1,1,0,1
883,4,2015-07-30,4643,458,1,1,0,1
884,4,2015-07-30,7000,608,1,1,0,0
885,4,2015-07-30,5942,722,1,1,0,1
